Target_memory,Target_time,Neural_Network,Dataset,Batch_size,Occupied_memory,Memory_epsilon,One_iteration_inference_time,Iterations
10%,3600s,mnasnet0_5,CIFAR10,16,152.0MB,-631.5MB,1.807410717010498s,1991
10%,3600s,mobilenet_v2,CIFAR10,16,176.0MB,-607.5MB,2.0335452556610107s,1770
10%,3600s,resnet18,CIFAR10,16,214.0MB,-569.5MB,1.7205114364624023s,2092
10%,3600s,LeNet5,MNIST,16,146.0MB,-637.5MB,0.7720544338226318s,4662
20%,3600s,mnasnet0_5,CIFAR10,16,152.0MB,-1415.0MB,1.8315341472625732s,1965
20%,3600s,mobilenet_v2,CIFAR10,16,176.0MB,-1391.0MB,1.9978649616241455s,1801
20%,3600s,resnet18,CIFAR10,16,214.0MB,-1353.0MB,1.7366833686828613s,2072
20%,3600s,LeNet5,MNIST,16,146.0MB,-1421.0MB,0.7509565353393555s,4793
30%,3600s,mnasnet0_5,CIFAR10,16,152.0MB,-2198.5MB,1.7522964477539062s,2054
30%,3600s,mobilenet_v2,CIFAR10,16,176.0MB,-2174.5MB,2.1869583129882812s,1646
30%,3600s,resnet18,CIFAR10,16,214.0MB,-2136.5MB,2.17500376701355s,1655
30%,3600s,LeNet5,MNIST,16,146.0MB,-2204.5MB,1.089348316192627s,3304
40%,3600s,mnasnet0_5,CIFAR10,16,152.0MB,-2982.0MB,2.32597017288208s,1547
40%,3600s,mobilenet_v2,CIFAR10,16,176.0MB,-2958.0MB,2.619718074798584s,1374
40%,3600s,resnet18,CIFAR10,16,214.0MB,-2920.0MB,1.8076355457305908s,1991
40%,3600s,LeNet5,MNIST,16,146.0MB,-2988.0MB,0.9585497379302979s,3755
45%,3600s,mnasnet0_5,CIFAR10,16,152.0MB,-3373.75MB,2.0205342769622803s,1781
45%,3600s,mobilenet_v2,CIFAR10,16,176.0MB,-3349.75MB,1.9924046993255615s,1806
45%,3600s,resnet18,CIFAR10,16,214.0MB,-3311.75MB,1.808018445968628s,1991
45%,3600s,LeNet5,MNIST,16,146.0MB,-3379.75MB,0.8363645076751709s,4304
50%,3600s,mnasnet0_5,CIFAR10,16,152.0MB,-3765.5MB,1.8862380981445312s,1908
50%,3600s,mobilenet_v2,CIFAR10,16,176.0MB,-3741.5MB,2.1770663261413574s,1653
50%,3600s,resnet18,CIFAR10,16,214.0MB,-3703.5MB,1.8240165710449219s,1973
50%,3600s,LeNet5,MNIST,16,146.0MB,-3771.5MB,0.8461103439331055s,4254
60%,3600s,mnasnet0_5,CIFAR10,16,152.0MB,-4549.0MB,2.130427122116089s,1689
60%,3600s,mobilenet_v2,CIFAR10,16,176.0MB,-4525.0MB,2.2919626235961914s,1570
60%,3600s,resnet18,CIFAR10,16,214.0MB,-4487.0MB,1.7321746349334717s,2078
60%,3600s,LeNet5,MNIST,16,146.0MB,-4555.0MB,0.8402314186096191s,4284
70%,3600s,mnasnet0_5,CIFAR10,16,152.0MB,-5332.5MB,1.9737436771392822s,1823
70%,3600s,mobilenet_v2,CIFAR10,16,176.0MB,-5308.5MB,2.212949752807617s,1626
70%,3600s,resnet18,CIFAR10,16,214.0MB,-5270.5MB,1.9790832996368408s,1819
70%,3600s,LeNet5,MNIST,16,146.0MB,-5338.5MB,0.9351255893707275s,3849
80%,3600s,mnasnet0_5,CIFAR10,16,152.0MB,-6116.0MB,1.833489179611206s,1963
80%,3600s,mobilenet_v2,CIFAR10,16,176.0MB,-6092.0MB,2.149428606033325s,1674
80%,3600s,resnet18,CIFAR10,16,214.0MB,-6054.0MB,1.8135108947753906s,1985
80%,3600s,LeNet5,MNIST,16,146.0MB,-6122.0MB,0.8700623512268066s,4137
90%,3600s,mnasnet0_5,CIFAR10,16,152.0MB,-6899.5MB,1.9136879444122314s,1881
90%,3600s,mobilenet_v2,CIFAR10,16,176.0MB,-6875.5MB,2.323861598968506s,1549
90%,3600s,resnet18,CIFAR10,16,214.0MB,-6837.5MB,1.7690823078155518s,2034
90%,3600s,LeNet5,MNIST,16,146.0MB,-6905.5MB,0.7440893650054932s,4838
95%,3600s,mnasnet0_5,CIFAR10,16,152.0MB,-7291.25MB,1.8337352275848389s,1963
95%,3600s,mobilenet_v2,CIFAR10,16,176.0MB,-7267.25MB,2.009275197982788s,1791
95%,3600s,resnet18,CIFAR10,16,214.0MB,-7229.25MB,1.6994380950927734s,2118
95%,3600s,LeNet5,MNIST,16,146.0MB,-7297.25MB,0.8272562026977539s,4351
10%,3600s,mnasnet0_5,CIFAR10,32,152.0MB,-631.5MB,1.2575764656066895s,2862
10%,3600s,mobilenet_v2,CIFAR10,32,192.0MB,591.5MB,1.6015188694000244s,2247
10%,3600s,resnet18,CIFAR10,32,214.0MB,569.5MB,1.3223719596862793s,2722
10%,3600s,LeNet5,MNIST,32,146.0MB,637.5MB,0.5609967708587646s,6417
20%,3600s,mnasnet0_5,CIFAR10,32,152.0MB,1415.0MB,1.2719454765319824s,2830
20%,3600s,mobilenet_v2,CIFAR10,32,192.0MB,1375.0MB,1.530742883682251s,2351
20%,3600s,resnet18,CIFAR10,32,214.0MB,1353.0MB,1.3755555152893066s,2617
20%,3600s,LeNet5,MNIST,32,146.0MB,1421.0MB,0.5729248523712158s,6283
30%,3600s,mnasnet0_5,CIFAR10,32,152.0MB,2198.5MB,1.2974045276641846s,2774
30%,3600s,mobilenet_v2,CIFAR10,32,192.0MB,2158.5MB,1.578474760055542s,2280
30%,3600s,resnet18,CIFAR10,32,214.0MB,2136.5MB,1.366645097732544s,2634
30%,3600s,LeNet5,MNIST,32,146.0MB,2204.5MB,0.6341972351074219s,5676
40%,3600s,mnasnet0_5,CIFAR10,32,152.0MB,2982.0MB,1.3051464557647705s,2758
40%,3600s,mobilenet_v2,CIFAR10,32,192.0MB,2942.0MB,1.5414502620697021s,2335
40%,3600s,resnet18,CIFAR10,32,214.0MB,2920.0MB,1.3055450916290283s,2757
40%,3600s,LeNet5,MNIST,32,146.0MB,2988.0MB,0.6258406639099121s,5752
45%,3600s,mnasnet0_5,CIFAR10,32,152.0MB,3373.75MB,1.2745170593261719s,2824
45%,3600s,mobilenet_v2,CIFAR10,32,192.0MB,3333.75MB,1.4894187450408936s,2417
45%,3600s,resnet18,CIFAR10,32,214.0MB,3311.75MB,1.3541324138641357s,2658
45%,3600s,LeNet5,MNIST,32,146.0MB,3379.75MB,0.5308222770690918s,6781
50%,3600s,mnasnet0_5,CIFAR10,32,152.0MB,3765.5MB,1.2412431240081787s,2900
50%,3600s,mobilenet_v2,CIFAR10,32,192.0MB,3725.5MB,1.5508108139038086s,2321
50%,3600s,resnet18,CIFAR10,32,214.0MB,3703.5MB,1.3321967124938965s,2702
50%,3600s,LeNet5,MNIST,32,146.0MB,3771.5MB,0.5895957946777344s,6105
60%,3600s,mnasnet0_5,CIFAR10,32,152.0MB,4549.0MB,1.2355120182037354s,2913
60%,3600s,mobilenet_v2,CIFAR10,32,192.0MB,4509.0MB,1.6547691822052002s,2175
60%,3600s,resnet18,CIFAR10,32,214.0MB,4487.0MB,1.3504183292388916s,2665
60%,3600s,LeNet5,MNIST,32,146.0MB,4555.0MB,0.6047554016113281s,5952
70%,3600s,mnasnet0_5,CIFAR10,32,152.0MB,5332.5MB,1.2779629230499268s,2816
70%,3600s,mobilenet_v2,CIFAR10,32,192.0MB,5292.5MB,1.6249620914459229s,2215
70%,3600s,resnet18,CIFAR10,32,214.0MB,5270.5MB,1.3814351558685303s,2605
70%,3600s,LeNet5,MNIST,32,146.0MB,5338.5MB,0.6860907077789307s,5247
80%,3600s,mnasnet0_5,CIFAR10,32,152.0MB,6116.0MB,1.295973539352417s,2777
80%,3600s,mobilenet_v2,CIFAR10,32,192.0MB,6076.0MB,1.5955421924591064s,2256
80%,3600s,resnet18,CIFAR10,32,214.0MB,6054.0MB,1.343909502029419s,2678
80%,3600s,LeNet5,MNIST,32,146.0MB,6122.0MB,0.6128098964691162s,5874
90%,3600s,mnasnet0_5,CIFAR10,32,152.0MB,6899.5MB,1.3303310871124268s,2706
90%,3600s,mobilenet_v2,CIFAR10,32,192.0MB,6859.5MB,1.591132402420044s,2262
90%,3600s,resnet18,CIFAR10,32,214.0MB,6837.5MB,1.2558040618896484s,2866
90%,3600s,LeNet5,MNIST,32,146.0MB,6905.5MB,0.6930148601531982s,5194
95%,3600s,mnasnet0_5,CIFAR10,32,152.0MB,7291.25MB,1.2907800674438477s,2789
95%,3600s,mobilenet_v2,CIFAR10,32,192.0MB,7251.25MB,1.517411708831787s,2372
95%,3600s,resnet18,CIFAR10,32,214.0MB,7229.25MB,1.4555702209472656s,2473
95%,3600s,LeNet5,MNIST,32,146.0MB,7297.25MB,0.5890958309173584s,6111
10%,3600s,mnasnet0_5,CIFAR10,64,172.0MB,611.5MB,0.9727811813354492s,3700
10%,3600s,mobilenet_v2,CIFAR10,64,224.0MB,559.5MB,1.3255321979522705s,2715
10%,3600s,resnet18,CIFAR10,64,226.0MB,557.5MB,1.119265079498291s,3216
10%,3600s,LeNet5,MNIST,64,148.0MB,635.5MB,0.4534420967102051s,7939
20%,3600s,mnasnet0_5,CIFAR10,64,172.0MB,1395.0MB,1.0808260440826416s,3330
20%,3600s,mobilenet_v2,CIFAR10,64,224.0MB,1343.0MB,1.3204712867736816s,2726
20%,3600s,resnet18,CIFAR10,64,226.0MB,1341.0MB,1.0850450992584229s,3317
20%,3600s,LeNet5,MNIST,64,148.0MB,1419.0MB,0.4557769298553467s,7898
30%,3600s,mnasnet0_5,CIFAR10,64,172.0MB,2178.5MB,0.9634661674499512s,3736
30%,3600s,mobilenet_v2,CIFAR10,64,224.0MB,2126.5MB,1.3434631824493408s,2679
30%,3600s,resnet18,CIFAR10,64,226.0MB,2124.5MB,1.1066341400146484s,3253
30%,3600s,LeNet5,MNIST,64,148.0MB,2202.5MB,0.4721713066101074s,7624
40%,3600s,mnasnet0_5,CIFAR10,64,172.0MB,2962.0MB,0.9931685924530029s,3624
40%,3600s,mobilenet_v2,CIFAR10,64,224.0MB,2910.0MB,1.3654515743255615s,2636
40%,3600s,resnet18,CIFAR10,64,226.0MB,2908.0MB,1.1077651977539062s,3249
40%,3600s,LeNet5,MNIST,64,148.0MB,2986.0MB,0.5197224617004395s,6926
45%,3600s,mnasnet0_5,CIFAR10,64,172.0MB,3353.75MB,0.9637160301208496s,3735
45%,3600s,mobilenet_v2,CIFAR10,64,224.0MB,3301.75MB,1.3157527446746826s,2736
45%,3600s,resnet18,CIFAR10,64,226.0MB,3299.75MB,1.1170880794525146s,3222
45%,3600s,LeNet5,MNIST,64,148.0MB,3377.75MB,0.4829692840576172s,7453
50%,3600s,mnasnet0_5,CIFAR10,64,172.0MB,3745.5MB,1.1705024242401123s,3075
50%,3600s,mobilenet_v2,CIFAR10,64,224.0MB,3693.5MB,1.4165937900543213s,2541
50%,3600s,resnet18,CIFAR10,64,226.0MB,3691.5MB,1.1236863136291504s,3203
50%,3600s,LeNet5,MNIST,64,148.0MB,3769.5MB,0.5627145767211914s,6397
60%,3600s,mnasnet0_5,CIFAR10,64,172.0MB,4529.0MB,0.9410223960876465s,3825
60%,3600s,mobilenet_v2,CIFAR10,64,224.0MB,4477.0MB,1.3174128532409668s,2732
60%,3600s,resnet18,CIFAR10,64,226.0MB,4475.0MB,1.1157245635986328s,3226
60%,3600s,LeNet5,MNIST,64,148.0MB,4553.0MB,0.45261454582214355s,7953
70%,3600s,mnasnet0_5,CIFAR10,64,172.0MB,5312.5MB,0.9672164916992188s,3722
70%,3600s,mobilenet_v2,CIFAR10,64,224.0MB,5260.5MB,1.3949294090270996s,2580
70%,3600s,resnet18,CIFAR10,64,226.0MB,5258.5MB,1.2109837532043457s,2972
70%,3600s,LeNet5,MNIST,64,148.0MB,5336.5MB,0.6090431213378906s,5910
80%,3600s,mnasnet0_5,CIFAR10,64,172.0MB,6096.0MB,0.9847233295440674s,3655
80%,3600s,mobilenet_v2,CIFAR10,64,224.0MB,6044.0MB,1.406529188156128s,2559
80%,3600s,resnet18,CIFAR10,64,226.0MB,6042.0MB,1.1644833087921143s,3091
80%,3600s,LeNet5,MNIST,64,148.0MB,6120.0MB,0.4918231964111328s,7319
90%,3600s,mnasnet0_5,CIFAR10,64,172.0MB,6879.5MB,0.9925081729888916s,3627
90%,3600s,mobilenet_v2,CIFAR10,64,224.0MB,6827.5MB,1.4009027481079102s,2569
90%,3600s,resnet18,CIFAR10,64,226.0MB,6825.5MB,1.1160809993743896s,3225
90%,3600s,LeNet5,MNIST,64,148.0MB,6903.5MB,0.4668457508087158s,7711
95%,3600s,mnasnet0_5,CIFAR10,64,172.0MB,7271.25MB,0.9571728706359863s,3761
95%,3600s,mobilenet_v2,CIFAR10,64,224.0MB,7219.25MB,1.3492567539215088s,2668
95%,3600s,resnet18,CIFAR10,64,226.0MB,7217.25MB,1.0918262004852295s,3297
95%,3600s,LeNet5,MNIST,64,148.0MB,7295.25MB,0.5217041969299316s,6900
10%,3600s,mnasnet0_5,CIFAR10,128,196.0MB,587.5MB,0.9192194938659668s,3916
10%,3600s,mobilenet_v2,CIFAR10,128,300.0MB,483.5MB,1.3266808986663818s,2713
10%,3600s,resnet18,CIFAR10,128,258.0MB,525.5MB,1.0979399681091309s,3278
10%,3600s,LeNet5,MNIST,128,148.0MB,635.5MB,0.47036314010620117s,7653
20%,3600s,mnasnet0_5,CIFAR10,128,196.0MB,1371.0MB,0.919560432434082s,3914
20%,3600s,mobilenet_v2,CIFAR10,128,300.0MB,1267.0MB,1.257007360458374s,2863
20%,3600s,resnet18,CIFAR10,128,258.0MB,1309.0MB,1.083272933959961s,3323
20%,3600s,LeNet5,MNIST,128,148.0MB,1419.0MB,0.43924641609191895s,8195
30%,3600s,mnasnet0_5,CIFAR10,128,196.0MB,2154.5MB,0.8987581729888916s,4005
30%,3600s,mobilenet_v2,CIFAR10,128,300.0MB,2050.5MB,1.264451503753662s,2847
30%,3600s,resnet18,CIFAR10,128,258.0MB,2092.5MB,1.0975971221923828s,3279
30%,3600s,LeNet5,MNIST,128,148.0MB,2202.5MB,0.46370434761047363s,7763
40%,3600s,mnasnet0_5,CIFAR10,128,196.0MB,2938.0MB,0.9122645854949951s,3946
40%,3600s,mobilenet_v2,CIFAR10,128,300.0MB,2834.0MB,1.2533462047576904s,2872
40%,3600s,resnet18,CIFAR10,128,258.0MB,2876.0MB,1.134185552597046s,3174
40%,3600s,LeNet5,MNIST,128,148.0MB,2986.0MB,0.496906042098999s,7244
45%,3600s,mnasnet0_5,CIFAR10,128,196.0MB,3329.75MB,0.9364528656005859s,3844
45%,3600s,mobilenet_v2,CIFAR10,128,300.0MB,3225.75MB,1.2555394172668457s,2867
45%,3600s,resnet18,CIFAR10,128,258.0MB,3267.75MB,1.103344440460205s,3262
45%,3600s,LeNet5,MNIST,128,148.0MB,3377.75MB,0.42711544036865234s,8428
50%,3600s,mnasnet0_5,CIFAR10,128,196.0MB,3721.5MB,0.95365309715271s,3774
50%,3600s,mobilenet_v2,CIFAR10,128,300.0MB,3617.5MB,1.3826091289520264s,2603
50%,3600s,resnet18,CIFAR10,128,258.0MB,3659.5MB,1.1316654682159424s,3181
50%,3600s,LeNet5,MNIST,128,148.0MB,3769.5MB,0.47623729705810547s,7559
60%,3600s,mnasnet0_5,CIFAR10,128,196.0MB,4505.0MB,1.0267503261566162s,3506
60%,3600s,mobilenet_v2,CIFAR10,128,300.0MB,4401.0MB,1.2813973426818848s,2809
60%,3600s,resnet18,CIFAR10,128,258.0MB,4443.0MB,1.0943121910095215s,3289
60%,3600s,LeNet5,MNIST,128,148.0MB,4553.0MB,0.46391797065734863s,7759
70%,3600s,mnasnet0_5,CIFAR10,128,196.0MB,5288.5MB,0.9449727535247803s,3809
70%,3600s,mobilenet_v2,CIFAR10,128,300.0MB,5184.5MB,1.3051748275756836s,2758
70%,3600s,resnet18,CIFAR10,128,258.0MB,5226.5MB,1.1284253597259521s,3190
70%,3600s,LeNet5,MNIST,128,148.0MB,5336.5MB,0.420642614364624s,8558
80%,3600s,mnasnet0_5,CIFAR10,128,196.0MB,6072.0MB,0.9062740802764893s,3972
80%,3600s,mobilenet_v2,CIFAR10,128,300.0MB,5968.0MB,1.2644553184509277s,2847
80%,3600s,resnet18,CIFAR10,128,258.0MB,6010.0MB,1.095109462738037s,3287
80%,3600s,LeNet5,MNIST,128,148.0MB,6120.0MB,0.42275500297546387s,8515
90%,3600s,mnasnet0_5,CIFAR10,128,196.0MB,6855.5MB,0.8968074321746826s,4014
90%,3600s,mobilenet_v2,CIFAR10,128,300.0MB,6751.5MB,1.2702507972717285s,2834
90%,3600s,resnet18,CIFAR10,128,258.0MB,6793.5MB,1.113131046295166s,3234
90%,3600s,LeNet5,MNIST,128,148.0MB,6903.5MB,0.4834322929382324s,7446
95%,3600s,mnasnet0_5,CIFAR10,128,196.0MB,7247.25MB,0.9052715301513672s,3976
95%,3600s,mobilenet_v2,CIFAR10,128,300.0MB,7143.25MB,1.247321367263794s,2886
95%,3600s,resnet18,CIFAR10,128,258.0MB,7185.25MB,1.090024709701538s,3302
95%,3600s,LeNet5,MNIST,128,148.0MB,7295.25MB,0.42136192321777344s,8543
10%,3600s,mnasnet0_5,CIFAR10,256,248.0MB,535.5MB,0.8612263202667236s,4180
10%,3600s,mobilenet_v2,CIFAR10,256,444.0MB,339.5MB,1.352001667022705s,2662
10%,3600s,resnet18,CIFAR10,256,334.0MB,449.5MB,1.0091488361358643s,3567
10%,3600s,LeNet5,MNIST,256,148.0MB,635.5MB,0.4134654998779297s,8706
20%,3600s,mnasnet0_5,CIFAR10,256,248.0MB,1319.0MB,0.8603389263153076s,4184
20%,3600s,mobilenet_v2,CIFAR10,256,444.0MB,1123.0MB,1.3296453952789307s,2707
20%,3600s,resnet18,CIFAR10,256,334.0MB,1233.0MB,1.0369555950164795s,3471
20%,3600s,LeNet5,MNIST,256,148.0MB,1419.0MB,0.41938209533691406s,8584
30%,3600s,mnasnet0_5,CIFAR10,256,248.0MB,2102.5MB,0.8802478313446045s,4089
30%,3600s,mobilenet_v2,CIFAR10,256,444.0MB,1906.5MB,1.3429601192474365s,2680
30%,3600s,resnet18,CIFAR10,256,334.0MB,2016.5MB,1.0293216705322266s,3497
30%,3600s,LeNet5,MNIST,256,148.0MB,2202.5MB,0.42783379554748535s,8414
40%,3600s,mnasnet0_5,CIFAR10,256,248.0MB,2886.0MB,0.8558328151702881s,4206
40%,3600s,mobilenet_v2,CIFAR10,256,444.0MB,2690.0MB,1.3308546543121338s,2705
40%,3600s,resnet18,CIFAR10,256,334.0MB,2800.0MB,1.0146839618682861s,3547
40%,3600s,LeNet5,MNIST,256,148.0MB,2986.0MB,0.47444725036621094s,7587
45%,3600s,mnasnet0_5,CIFAR10,256,248.0MB,3277.75MB,0.9020750522613525s,3990
45%,3600s,mobilenet_v2,CIFAR10,256,444.0MB,3081.75MB,1.3670446872711182s,2633
45%,3600s,resnet18,CIFAR10,256,334.0MB,3191.75MB,1.021348237991333s,3524
45%,3600s,LeNet5,MNIST,256,148.0MB,3377.75MB,0.41265130043029785s,8724
50%,3600s,mnasnet0_5,CIFAR10,256,248.0MB,3669.5MB,0.8635110855102539s,4169
50%,3600s,mobilenet_v2,CIFAR10,256,444.0MB,3473.5MB,1.360933542251587s,2645
50%,3600s,resnet18,CIFAR10,256,334.0MB,3583.5MB,1.0061566829681396s,3577
50%,3600s,LeNet5,MNIST,256,148.0MB,3769.5MB,0.4040508270263672s,8909
60%,3600s,mnasnet0_5,CIFAR10,256,248.0MB,4453.0MB,0.8564527034759521s,4203
60%,3600s,mobilenet_v2,CIFAR10,256,444.0MB,4257.0MB,1.3614087104797363s,2644
60%,3600s,resnet18,CIFAR10,256,334.0MB,4367.0MB,1.0161545276641846s,3542
60%,3600s,LeNet5,MNIST,256,148.0MB,4553.0MB,0.41335129737854004s,8709
70%,3600s,mnasnet0_5,CIFAR10,256,248.0MB,5236.5MB,0.8954424858093262s,4020
70%,3600s,mobilenet_v2,CIFAR10,256,444.0MB,5040.5MB,1.3556592464447021s,2655
70%,3600s,resnet18,CIFAR10,256,334.0MB,5150.5MB,1.0464491844177246s,3440
70%,3600s,LeNet5,MNIST,256,148.0MB,5336.5MB,0.45090270042419434s,7983
80%,3600s,mnasnet0_5,CIFAR10,256,248.0MB,6020.0MB,0.8569915294647217s,4200
80%,3600s,mobilenet_v2,CIFAR10,256,444.0MB,5824.0MB,1.3450992107391357s,2676
80%,3600s,resnet18,CIFAR10,256,334.0MB,5934.0MB,1.0064561367034912s,3576
80%,3600s,LeNet5,MNIST,256,148.0MB,6120.0MB,0.40728139877319336s,8839
90%,3600s,mnasnet0_5,CIFAR10,256,248.0MB,6803.5MB,0.8638656139373779s,4167
90%,3600s,mobilenet_v2,CIFAR10,256,444.0MB,6607.5MB,1.3634679317474365s,2640
90%,3600s,resnet18,CIFAR10,256,334.0MB,6717.5MB,1.0058884620666504s,3578
90%,3600s,LeNet5,MNIST,256,148.0MB,6903.5MB,0.4650144577026367s,7741
95%,3600s,mnasnet0_5,CIFAR10,256,248.0MB,7195.25MB,0.9173362255096436s,3924
95%,3600s,mobilenet_v2,CIFAR10,256,444.0MB,6999.25MB,1.3500282764434814s,2666
95%,3600s,resnet18,CIFAR10,256,334.0MB,7109.25MB,1.0218799114227295s,3522
95%,3600s,LeNet5,MNIST,256,148.0MB,7295.25MB,0.41947412490844727s,8582
10%,3600s,mnasnet0_5,CIFAR10,512,318.0MB,465.5MB,0.9442188739776611s,3812
10%,3600s,mobilenet_v2,CIFAR10,512,754.0MB,29.5MB,1.4508137702941895s,2481
10%,3600s,resnet18,CIFAR10,512,470.0MB,313.5MB,1.067962884902954s,3370
10%,3600s,LeNet5,MNIST,512,168.0MB,615.5MB,0.3550279140472412s,10140
20%,3600s,mnasnet0_5,CIFAR10,512,318.0MB,1249.0MB,0.9142327308654785s,3937
20%,3600s,mobilenet_v2,CIFAR10,512,754.0MB,813.0MB,1.3716566562652588s,2624
20%,3600s,resnet18,CIFAR10,512,470.0MB,1097.0MB,1.0674192905426025s,3372
20%,3600s,LeNet5,MNIST,512,168.0MB,1399.0MB,0.3620941638946533s,9942
30%,3600s,mnasnet0_5,CIFAR10,512,318.0MB,2032.5MB,0.9021346569061279s,3990
30%,3600s,mobilenet_v2,CIFAR10,512,754.0MB,1596.5MB,1.3878917694091797s,2593
30%,3600s,resnet18,CIFAR10,512,470.0MB,1880.5MB,1.0710673332214355s,3361
30%,3600s,LeNet5,MNIST,512,168.0MB,2182.5MB,0.3936588764190674s,9144
40%,3600s,mnasnet0_5,CIFAR10,512,318.0MB,2816.0MB,0.9135174751281738s,3940
40%,3600s,mobilenet_v2,CIFAR10,512,754.0MB,2380.0MB,1.4427778720855713s,2495
40%,3600s,resnet18,CIFAR10,512,470.0MB,2664.0MB,1.0971384048461914s,3281
40%,3600s,LeNet5,MNIST,512,168.0MB,2966.0MB,0.3636972904205322s,9898
45%,3600s,mnasnet0_5,CIFAR10,512,318.0MB,3207.75MB,0.914186954498291s,3937
45%,3600s,mobilenet_v2,CIFAR10,512,754.0MB,2771.75MB,1.487177848815918s,2420
45%,3600s,resnet18,CIFAR10,512,470.0MB,3055.75MB,1.1018157005310059s,3267
45%,3600s,LeNet5,MNIST,512,168.0MB,3357.75MB,0.3712649345397949s,9696
50%,3600s,mnasnet0_5,CIFAR10,512,318.0MB,3599.5MB,0.9287073612213135s,3876
50%,3600s,mobilenet_v2,CIFAR10,512,754.0MB,3163.5MB,1.472116231918335s,2445
50%,3600s,resnet18,CIFAR10,512,470.0MB,3447.5MB,1.101248025894165s,3269
50%,3600s,LeNet5,MNIST,512,168.0MB,3749.5MB,0.3722341060638428s,9671
60%,3600s,mnasnet0_5,CIFAR10,512,318.0MB,4383.0MB,0.9373767375946045s,3840
60%,3600s,mobilenet_v2,CIFAR10,512,754.0MB,3947.0MB,1.4193089008331299s,2536
60%,3600s,resnet18,CIFAR10,512,470.0MB,4231.0MB,1.065786361694336s,3377
60%,3600s,LeNet5,MNIST,512,168.0MB,4533.0MB,0.3684988021850586s,9769
70%,3600s,mnasnet0_5,CIFAR10,512,318.0MB,5166.5MB,0.9138753414154053s,3939
70%,3600s,mobilenet_v2,CIFAR10,512,754.0MB,4730.5MB,1.4372563362121582s,2504
70%,3600s,resnet18,CIFAR10,512,470.0MB,5014.5MB,1.0645155906677246s,3381
70%,3600s,LeNet5,MNIST,512,168.0MB,5316.5MB,0.3587627410888672s,10034
80%,3600s,mnasnet0_5,CIFAR10,512,318.0MB,5950.0MB,0.9089405536651611s,3960
80%,3600s,mobilenet_v2,CIFAR10,512,754.0MB,5514.0MB,1.4032976627349854s,2565
80%,3600s,resnet18,CIFAR10,512,470.0MB,5798.0MB,1.063840627670288s,3383
80%,3600s,LeNet5,MNIST,512,168.0MB,6100.0MB,0.3609299659729004s,9974
90%,3600s,mnasnet0_5,CIFAR10,512,318.0MB,6733.5MB,0.909198522567749s,3959
90%,3600s,mobilenet_v2,CIFAR10,512,754.0MB,6297.5MB,1.4055657386779785s,2561
90%,3600s,resnet18,CIFAR10,512,470.0MB,6581.5MB,1.0625953674316406s,3387
90%,3600s,LeNet5,MNIST,512,168.0MB,6883.5MB,0.3661038875579834s,9833
95%,3600s,mnasnet0_5,CIFAR10,512,318.0MB,7125.25MB,0.9388177394866943s,3834
95%,3600s,mobilenet_v2,CIFAR10,512,754.0MB,6689.25MB,1.4334046840667725s,2511
95%,3600s,resnet18,CIFAR10,512,470.0MB,6973.25MB,1.1000823974609375s,3272
95%,3600s,LeNet5,MNIST,512,168.0MB,7275.25MB,0.3785896301269531s,9508
10%,3600s,mnasnet0_5,CIFAR10,1024,498.0MB,285.5MB,1.0274226665496826s,3503
10%,3600s,mobilenet_v2,CIFAR10,1024,1352.0MB,-568.5MB,1.5682809352874756s,2295
10%,3600s,resnet18,CIFAR10,1024,750.0MB,33.5MB,1.1810197830200195s,3048
10%,3600s,LeNet5,MNIST,1024,188.0MB,595.5MB,0.36316943168640137s,9912
20%,3600s,mnasnet0_5,CIFAR10,1024,498.0MB,1069.0MB,1.0290803909301758s,3498
20%,3600s,mobilenet_v2,CIFAR10,1024,1352.0MB,215.0MB,1.558790683746338s,2309
20%,3600s,resnet18,CIFAR10,1024,750.0MB,817.0MB,1.1775658130645752s,3057
20%,3600s,LeNet5,MNIST,1024,188.0MB,1379.0MB,0.3562490940093994s,10105
30%,3600s,mnasnet0_5,CIFAR10,1024,498.0MB,1852.5MB,1.0300092697143555s,3495
30%,3600s,mobilenet_v2,CIFAR10,1024,1352.0MB,998.5MB,1.5840253829956055s,2272
30%,3600s,resnet18,CIFAR10,1024,750.0MB,1600.5MB,1.1827502250671387s,3043
30%,3600s,LeNet5,MNIST,1024,188.0MB,2162.5MB,0.370664119720459s,9712
40%,3600s,mnasnet0_5,CIFAR10,1024,498.0MB,2636.0MB,1.054347038269043s,3414
40%,3600s,mobilenet_v2,CIFAR10,1024,1352.0MB,1782.0MB,1.528489351272583s,2355
40%,3600s,resnet18,CIFAR10,1024,750.0MB,2384.0MB,1.1978716850280762s,3005
40%,3600s,LeNet5,MNIST,1024,188.0MB,2946.0MB,0.35391950607299805s,10171
45%,3600s,mnasnet0_5,CIFAR10,1024,498.0MB,3027.75MB,1.0282299518585205s,3501
45%,3600s,mobilenet_v2,CIFAR10,1024,1352.0MB,2173.75MB,1.594085693359375s,2258
45%,3600s,resnet18,CIFAR10,1024,750.0MB,2775.75MB,1.1638405323028564s,3093
45%,3600s,LeNet5,MNIST,1024,188.0MB,3337.75MB,0.35047411918640137s,10271
50%,3600s,mnasnet0_5,CIFAR10,1024,498.0MB,3419.5MB,1.0216052532196045s,3523
50%,3600s,mobilenet_v2,CIFAR10,1024,1352.0MB,2565.5MB,1.567385196685791s,2296
50%,3600s,resnet18,CIFAR10,1024,750.0MB,3167.5MB,1.165257453918457s,3089
50%,3600s,LeNet5,MNIST,1024,188.0MB,3729.5MB,0.37023043632507324s,9723
60%,3600s,mnasnet0_5,CIFAR10,1024,498.0MB,4203.0MB,1.0553357601165771s,3411
60%,3600s,mobilenet_v2,CIFAR10,1024,1352.0MB,3349.0MB,1.5880999565124512s,2266
60%,3600s,resnet18,CIFAR10,1024,750.0MB,3951.0MB,1.183079719543457s,3042
60%,3600s,LeNet5,MNIST,1024,188.0MB,4513.0MB,0.36250829696655273s,9930
70%,3600s,mnasnet0_5,CIFAR10,1024,498.0MB,4986.5MB,1.0746040344238281s,3350
70%,3600s,mobilenet_v2,CIFAR10,1024,1352.0MB,4132.5MB,1.5920209884643555s,2261
70%,3600s,resnet18,CIFAR10,1024,750.0MB,4734.5MB,1.153954029083252s,3119
70%,3600s,LeNet5,MNIST,1024,188.0MB,5296.5MB,0.3540217876434326s,10168
80%,3600s,mnasnet0_5,CIFAR10,1024,498.0MB,5770.0MB,1.0282087326049805s,3501
80%,3600s,mobilenet_v2,CIFAR10,1024,1352.0MB,4916.0MB,1.5360221862792969s,2343
80%,3600s,resnet18,CIFAR10,1024,750.0MB,5518.0MB,1.1563644409179688s,3113
80%,3600s,LeNet5,MNIST,1024,188.0MB,6080.0MB,0.3495490550994873s,10298
90%,3600s,mnasnet0_5,CIFAR10,1024,498.0MB,6553.5MB,1.0307888984680176s,3492
90%,3600s,mobilenet_v2,CIFAR10,1024,1352.0MB,5699.5MB,1.5673904418945312s,2296
90%,3600s,resnet18,CIFAR10,1024,750.0MB,6301.5MB,1.186110496520996s,3035
90%,3600s,LeNet5,MNIST,1024,188.0MB,6863.5MB,0.3710780143737793s,9701
95%,3600s,mnasnet0_5,CIFAR10,1024,498.0MB,6945.25MB,1.0406560897827148s,3459
95%,3600s,mobilenet_v2,CIFAR10,1024,1352.0MB,6091.25MB,1.5685296058654785s,2295
95%,3600s,resnet18,CIFAR10,1024,750.0MB,6693.25MB,1.1654984951019287s,3088
95%,3600s,LeNet5,MNIST,1024,188.0MB,7255.25MB,0.35996556282043457s,10000
10%,3600s,mnasnet0_5,CIFAR10,2048,866.0MB,-82.5MB,1.2699406147003174s,2834
10%,3600s,mobilenet_v2,CIFAR10,2048,2552.0MB,-1768.5MB,1.7386751174926758s,2070
10%,3600s,resnet18,CIFAR10,2048,1310.0MB,-526.5MB,1.3654723167419434s,2636
10%,3600s,LeNet5,MNIST,2048,224.0MB,559.5MB,0.3859848976135254s,9326
20%,3600s,mnasnet0_5,CIFAR10,2048,866.0MB,701.0MB,1.2695693969726562s,2835
20%,3600s,mobilenet_v2,CIFAR10,2048,2552.0MB,-985.0MB,1.7283039093017578s,2082
20%,3600s,resnet18,CIFAR10,2048,1310.0MB,257.0MB,1.3292794227600098s,2708
20%,3600s,LeNet5,MNIST,2048,224.0MB,1343.0MB,0.3878138065338135s,9282
30%,3600s,mnasnet0_5,CIFAR10,2048,866.0MB,1484.5MB,1.3073530197143555s,2753
30%,3600s,mobilenet_v2,CIFAR10,2048,2552.0MB,-201.5MB,1.733414649963379s,2076
30%,3600s,resnet18,CIFAR10,2048,1310.0MB,1040.5MB,1.377408742904663s,2613
30%,3600s,LeNet5,MNIST,2048,224.0MB,2126.5MB,0.39899611473083496s,9022
40%,3600s,mnasnet0_5,CIFAR10,2048,866.0MB,2268.0MB,1.3106346130371094s,2746
40%,3600s,mobilenet_v2,CIFAR10,2048,2552.0MB,582.0MB,1.731693983078003s,2078
40%,3600s,resnet18,CIFAR10,2048,1310.0MB,1824.0MB,1.3639788627624512s,2639
40%,3600s,LeNet5,MNIST,2048,224.0MB,2910.0MB,0.38547182083129883s,9339
45%,3600s,mnasnet0_5,CIFAR10,2048,866.0MB,2659.75MB,1.269866704940796s,2834
45%,3600s,mobilenet_v2,CIFAR10,2048,2552.0MB,973.75MB,1.7190601825714111s,2094
45%,3600s,resnet18,CIFAR10,2048,1310.0MB,2215.75MB,1.3686707019805908s,2630
45%,3600s,LeNet5,MNIST,2048,224.0MB,3301.75MB,0.3888087272644043s,9259
50%,3600s,mnasnet0_5,CIFAR10,2048,866.0MB,3051.5MB,1.2762222290039062s,2820
50%,3600s,mobilenet_v2,CIFAR10,2048,2552.0MB,1365.5MB,1.7800428867340088s,2022
50%,3600s,resnet18,CIFAR10,2048,1310.0MB,2607.5MB,1.3455729484558105s,2675
50%,3600s,LeNet5,MNIST,2048,224.0MB,3693.5MB,0.40779685974121094s,8827
60%,3600s,mnasnet0_5,CIFAR10,2048,866.0MB,3835.0MB,1.2753605842590332s,2822
60%,3600s,mobilenet_v2,CIFAR10,2048,2552.0MB,2149.0MB,1.727921962738037s,2083
60%,3600s,resnet18,CIFAR10,2048,1310.0MB,3391.0MB,1.3571994304656982s,2652
60%,3600s,LeNet5,MNIST,2048,224.0MB,4477.0MB,0.3864614963531494s,9315
70%,3600s,mnasnet0_5,CIFAR10,2048,866.0MB,4618.5MB,1.2787039279937744s,2815
70%,3600s,mobilenet_v2,CIFAR10,2048,2552.0MB,2932.5MB,1.7216832637786865s,2090
70%,3600s,resnet18,CIFAR10,2048,1310.0MB,4174.5MB,1.3564746379852295s,2653
70%,3600s,LeNet5,MNIST,2048,224.0MB,5260.5MB,0.3830242156982422s,9398
80%,3600s,mnasnet0_5,CIFAR10,2048,866.0MB,5402.0MB,1.2558002471923828s,2866
80%,3600s,mobilenet_v2,CIFAR10,2048,2552.0MB,3716.0MB,1.792060136795044s,2008
80%,3600s,resnet18,CIFAR10,2048,1310.0MB,4958.0MB,1.3773670196533203s,2613
80%,3600s,LeNet5,MNIST,2048,224.0MB,6044.0MB,0.384366512298584s,9366
90%,3600s,mnasnet0_5,CIFAR10,2048,866.0MB,6185.5MB,1.287358283996582s,2796
90%,3600s,mobilenet_v2,CIFAR10,2048,2552.0MB,4499.5MB,1.741943597793579s,2066
90%,3600s,resnet18,CIFAR10,2048,1310.0MB,5741.5MB,1.3644211292266846s,2638
90%,3600s,LeNet5,MNIST,2048,224.0MB,6827.5MB,0.3804154396057129s,9463
95%,3600s,mnasnet0_5,CIFAR10,2048,866.0MB,6577.25MB,1.2924487590789795s,2785
95%,3600s,mobilenet_v2,CIFAR10,2048,2552.0MB,4891.25MB,1.7192041873931885s,2093
95%,3600s,resnet18,CIFAR10,2048,1310.0MB,6133.25MB,1.3681163787841797s,2631
95%,3600s,LeNet5,MNIST,2048,224.0MB,7219.25MB,0.39392828941345215s,9138
10%,3600s,mnasnet0_5,CIFAR10,4096,1602.0MB,-818.5MB,1.7191388607025146s,2094
10%,3600s,mobilenet_v2,CIFAR10,4096,4952.0MB,-4168.5MB,2.188777208328247s,1644
10%,3600s,resnet18,CIFAR10,4096,3454.0MB,-2670.5MB,1.7051198482513428s,2111
10%,3600s,LeNet5,MNIST,4096,366.0MB,417.5MB,0.5406765937805176s,6658
20%,3600s,mnasnet0_5,CIFAR10,4096,1602.0MB,-35.0MB,1.6619396209716797s,2166
20%,3600s,mobilenet_v2,CIFAR10,4096,4952.0MB,-3385.0MB,2.193737030029297s,1641
20%,3600s,resnet18,CIFAR10,4096,3454.0MB,-1887.0MB,1.6956963539123535s,2123
20%,3600s,LeNet5,MNIST,4096,366.0MB,1201.0MB,0.5475900173187256s,6574
30%,3600s,mnasnet0_5,CIFAR10,4096,1602.0MB,748.5MB,1.6178946495056152s,2225
30%,3600s,mobilenet_v2,CIFAR10,4096,4952.0MB,-2601.5MB,2.191981315612793s,1642
30%,3600s,resnet18,CIFAR10,4096,3454.0MB,-1103.5MB,1.7182073593139648s,2095
30%,3600s,LeNet5,MNIST,4096,366.0MB,1984.5MB,0.5368025302886963s,6706
40%,3600s,mnasnet0_5,CIFAR10,4096,1602.0MB,1532.0MB,1.655775547027588s,2174
40%,3600s,mobilenet_v2,CIFAR10,4096,4952.0MB,-1818.0MB,2.1532375812530518s,1671
40%,3600s,resnet18,CIFAR10,4096,3454.0MB,-320.0MB,1.6860911846160889s,2135
40%,3600s,LeNet5,MNIST,4096,366.0MB,2768.0MB,0.5513923168182373s,6528
45%,3600s,mnasnet0_5,CIFAR10,4096,1602.0MB,1923.75MB,1.599877119064331s,2250
45%,3600s,mobilenet_v2,CIFAR10,4096,4952.0MB,-1426.25MB,2.1191599369049072s,1698
45%,3600s,resnet18,CIFAR10,4096,3454.0MB,71.75MB,1.708089828491211s,2107
45%,3600s,LeNet5,MNIST,4096,366.0MB,3159.75MB,0.5363037586212158s,6712
50%,3600s,mnasnet0_5,CIFAR10,4096,1602.0MB,2315.5MB,1.579566240310669s,2279
50%,3600s,mobilenet_v2,CIFAR10,4096,4952.0MB,-1034.5MB,2.2100932598114014s,1628
50%,3600s,resnet18,CIFAR10,4096,3454.0MB,463.5MB,1.7559316158294678s,2050
50%,3600s,LeNet5,MNIST,4096,366.0MB,3551.5MB,0.6138927936553955s,5864
60%,3600s,mnasnet0_5,CIFAR10,4096,1602.0MB,3099.0MB,1.800954818725586s,1998
60%,3600s,mobilenet_v2,CIFAR10,4096,4952.0MB,-251.0MB,2.124202251434326s,1694
60%,3600s,resnet18,CIFAR10,4096,3454.0MB,1247.0MB,1.6964688301086426s,2122
60%,3600s,LeNet5,MNIST,4096,366.0MB,4335.0MB,0.572364330291748s,6289
70%,3600s,mnasnet0_5,CIFAR10,4096,1602.0MB,3882.5MB,1.6692767143249512s,2156
70%,3600s,mobilenet_v2,CIFAR10,4096,4952.0MB,532.5MB,2.169562816619873s,1659
70%,3600s,resnet18,CIFAR10,4096,3454.0MB,2030.5MB,1.7050893306732178s,2111
70%,3600s,LeNet5,MNIST,4096,366.0MB,5118.5MB,0.5345478057861328s,6734
80%,3600s,mnasnet0_5,CIFAR10,4096,1602.0MB,4666.0MB,1.638385534286499s,2197
80%,3600s,mobilenet_v2,CIFAR10,4096,4952.0MB,1316.0MB,2.134493827819824s,1686
80%,3600s,resnet18,CIFAR10,4096,3454.0MB,2814.0MB,1.7643718719482422s,2040
80%,3600s,LeNet5,MNIST,4096,366.0MB,5902.0MB,0.5561366081237793s,6473
90%,3600s,mnasnet0_5,CIFAR10,4096,1602.0MB,5449.5MB,1.6802947521209717s,2142
90%,3600s,mobilenet_v2,CIFAR10,4096,4952.0MB,2099.5MB,2.1439974308013916s,1679
90%,3600s,resnet18,CIFAR10,4096,3454.0MB,3597.5MB,1.7384157180786133s,2070
90%,3600s,LeNet5,MNIST,4096,366.0MB,6685.5MB,0.5408544540405273s,6656
95%,3600s,mnasnet0_5,CIFAR10,4096,1602.0MB,5841.25MB,1.5631191730499268s,2303
95%,3600s,mobilenet_v2,CIFAR10,4096,4952.0MB,2491.25MB,2.1865105628967285s,1646
95%,3600s,resnet18,CIFAR10,4096,3454.0MB,3989.25MB,1.7719616889953613s,2031
95%,3600s,LeNet5,MNIST,4096,366.0MB,7077.25MB,0.5584347248077393s,6446
10%,3600s,mnasnet0_5,CIFAR10,8912,3336.0MB,-2552.5MB,2.478433132171631s,1452
10%,3600s,resnet18,CIFAR10,8912,5064.0MB,-4280.5MB,2.668264627456665s,1349
10%,3600s,LeNet5,MNIST,8912,484.0MB,299.5MB,0.9062292575836182s,3972
20%,3600s,mnasnet0_5,CIFAR10,8912,3336.0MB,-1769.0MB,2.370711326599121s,1518
20%,3600s,resnet18,CIFAR10,8912,5064.0MB,-3497.0MB,2.491586923599243s,1444
20%,3600s,LeNet5,MNIST,8912,484.0MB,1083.0MB,0.9244625568389893s,3894
30%,3600s,mnasnet0_5,CIFAR10,8912,3336.0MB,-985.5MB,2.4950132369995117s,1442
30%,3600s,resnet18,CIFAR10,8912,5064.0MB,-2713.5MB,2.635809898376465s,1365
30%,3600s,LeNet5,MNIST,8912,484.0MB,1866.5MB,0.9326643943786621s,3859
40%,3600s,mnasnet0_5,CIFAR10,8912,3336.0MB,-202.0MB,2.418506383895874s,1488
40%,3600s,resnet18,CIFAR10,8912,5064.0MB,-1930.0MB,2.5388009548187256s,1417
40%,3600s,LeNet5,MNIST,8912,484.0MB,2650.0MB,0.8940191268920898s,4026
45%,3600s,mnasnet0_5,CIFAR10,8912,3336.0MB,189.75MB,2.4128358364105225s,1492
45%,3600s,resnet18,CIFAR10,8912,5064.0MB,-1538.25MB,2.6010000705718994s,1384
45%,3600s,LeNet5,MNIST,8912,484.0MB,3041.75MB,0.9117660522460938s,3948
50%,3600s,mnasnet0_5,CIFAR10,8912,3336.0MB,581.5MB,2.440890312194824s,1474
50%,3600s,resnet18,CIFAR10,8912,5064.0MB,-1146.5MB,2.5991477966308594s,1385
50%,3600s,LeNet5,MNIST,8912,484.0MB,3433.5MB,0.8955552577972412s,4019
60%,3600s,mnasnet0_5,CIFAR10,8912,3336.0MB,1365.0MB,2.4249022006988525s,1484
60%,3600s,resnet18,CIFAR10,8912,5064.0MB,-363.0MB,2.600698232650757s,1384
60%,3600s,LeNet5,MNIST,8912,484.0MB,4217.0MB,0.9041855335235596s,3981
70%,3600s,mnasnet0_5,CIFAR10,8912,3336.0MB,2148.5MB,2.4435787200927734s,1473
70%,3600s,resnet18,CIFAR10,8912,5064.0MB,420.5MB,2.6129720211029053s,1377
70%,3600s,LeNet5,MNIST,8912,484.0MB,5000.5MB,0.9514889717102051s,3783
80%,3600s,mnasnet0_5,CIFAR10,8912,3336.0MB,2932.0MB,2.5046136379241943s,1437
80%,3600s,resnet18,CIFAR10,8912,5064.0MB,1204.0MB,2.5489885807037354s,1412
80%,3600s,LeNet5,MNIST,8912,484.0MB,5784.0MB,0.8806581497192383s,4087
90%,3600s,mnasnet0_5,CIFAR10,8912,3336.0MB,3715.5MB,2.3954365253448486s,1502
90%,3600s,resnet18,CIFAR10,8912,5064.0MB,1987.5MB,2.5248727798461914s,1425
90%,3600s,LeNet5,MNIST,8912,484.0MB,6567.5MB,0.8971858024597168s,4012
95%,3600s,mnasnet0_5,CIFAR10,8912,3336.0MB,4107.25MB,2.436434030532837s,1477
95%,3600s,resnet18,CIFAR10,8912,5064.0MB,2379.25MB,2.5388410091400146s,1417
95%,3600s,LeNet5,MNIST,8912,484.0MB,6959.25MB,0.9512784481048584s,3784
10%,3600s,mnasnet0_5,CIFAR10,10000,3728.0MB,-2944.5MB,2.647361993789673s,1359
10%,3600s,resnet18,CIFAR10,10000,5660.0MB,-4876.5MB,2.7944955825805664s,1288
10%,3600s,LeNet5,MNIST,10000,526.0MB,257.5MB,0.9783625602722168s,3679
20%,3600s,mnasnet0_5,CIFAR10,10000,3728.0MB,-2161.0MB,2.6265358924865723s,1370
20%,3600s,resnet18,CIFAR10,10000,5660.0MB,-4093.0MB,2.8286988735198975s,1272
20%,3600s,LeNet5,MNIST,10000,526.0MB,1041.0MB,0.9759325981140137s,3688
30%,3600s,mnasnet0_5,CIFAR10,10000,3728.0MB,-1377.5MB,2.635077714920044s,1366
30%,3600s,resnet18,CIFAR10,10000,5660.0MB,-3309.5MB,2.735210418701172s,1316
30%,3600s,LeNet5,MNIST,10000,526.0MB,1824.5MB,1.0030584335327148s,3589
40%,3600s,mnasnet0_5,CIFAR10,10000,3728.0MB,-594.0MB,2.6664395332336426s,1350
40%,3600s,resnet18,CIFAR10,10000,5660.0MB,-2526.0MB,2.738074779510498s,1314
40%,3600s,LeNet5,MNIST,10000,526.0MB,2608.0MB,0.9790880680084229s,3676
45%,3600s,mnasnet0_5,CIFAR10,10000,3728.0MB,-202.25MB,2.5848886966705322s,1392
45%,3600s,resnet18,CIFAR10,10000,5660.0MB,-2134.25MB,2.7155954837799072s,1325
45%,3600s,LeNet5,MNIST,10000,526.0MB,2999.75MB,0.9813370704650879s,3668
50%,3600s,mnasnet0_5,CIFAR10,10000,3728.0MB,189.5MB,2.6016838550567627s,1383
50%,3600s,resnet18,CIFAR10,10000,5660.0MB,-1742.5MB,2.7154393196105957s,1325
50%,3600s,LeNet5,MNIST,10000,526.0MB,3391.5MB,0.9966263771057129s,3612
60%,3600s,mnasnet0_5,CIFAR10,10000,3728.0MB,973.0MB,2.612175703048706s,1378
60%,3600s,resnet18,CIFAR10,10000,5660.0MB,-959.0MB,2.8246395587921143s,1274
60%,3600s,LeNet5,MNIST,10000,526.0MB,4175.0MB,1.0126419067382812s,3555
70%,3600s,mnasnet0_5,CIFAR10,10000,3728.0MB,1756.5MB,2.6661930084228516s,1350
70%,3600s,resnet18,CIFAR10,10000,5660.0MB,-175.5MB,2.695875644683838s,1335
70%,3600s,LeNet5,MNIST,10000,526.0MB,4958.5MB,0.982762336730957s,3663
80%,3600s,mnasnet0_5,CIFAR10,10000,3728.0MB,2540.0MB,2.6468935012817383s,1360
80%,3600s,resnet18,CIFAR10,10000,5660.0MB,608.0MB,2.743825912475586s,1312
80%,3600s,LeNet5,MNIST,10000,526.0MB,5742.0MB,0.9796888828277588s,3674
90%,3600s,mnasnet0_5,CIFAR10,10000,3728.0MB,3323.5MB,2.6629412174224854s,1351
90%,3600s,resnet18,CIFAR10,10000,5660.0MB,1391.5MB,2.7077159881591797s,1329
90%,3600s,LeNet5,MNIST,10000,526.0MB,6525.5MB,0.9981324672698975s,3606
95%,3600s,mnasnet0_5,CIFAR10,10000,3728.0MB,3715.25MB,2.705317735671997s,1330
95%,3600s,resnet18,CIFAR10,10000,5660.0MB,1783.25MB,2.7464070320129395s,1310
95%,3600s,LeNet5,MNIST,10000,526.0MB,6917.25MB,0.9994194507598877s,3602
