timestamp_ns,gpu_index,name,temperature_C,util_gpu_percent,util_mem_percent,mem_total_MB,mem_used_MB,mem_free_MB,clock_sm_MHz,clock_mem_MHz,clock_graphics_MHz,fan_speed_percent,power_draw_W,ecc_volatile_corrected,ecc_volatile_uncorrected,ecc_aggregate_corrected,ecc_aggregate_uncorrected,total_energy_mJ
2025-05-20 02:14:06.599,0,NVIDIA GeForce RTX 4060 Laptop GPU,39,0,0,8188,353,7835,1470,7000,1470,-1,8.242,-1,-1,-1,-1,285522131
2025-05-20 02:14:07.608,0,NVIDIA GeForce RTX 4060 Laptop GPU,39,0,0,8188,353,7835,1470,7000,1470,-1,8.093,-1,-1,-1,-1,285628034
2025-05-20 02:14:08.614,0,NVIDIA GeForce RTX 4060 Laptop GPU,39,0,0,8188,353,7835,1470,7000,1470,-1,8.101,-1,-1,-1,-1,285731295
2025-05-20 02:14:09.617,0,NVIDIA GeForce RTX 4060 Laptop GPU,39,0,0,8188,353,7835,1470,7000,1470,-1,8.135,-1,-1,-1,-1,285846334
2025-05-20 02:14:10.620,0,NVIDIA GeForce RTX 4060 Laptop GPU,40,12,1,8188,7933,255,1500,7000,1500,-1,8.4,-1,-1,-1,-1,285941937
2025-05-20 02:14:11.623,0,NVIDIA GeForce RTX 4060 Laptop GPU,45,92,18,8188,7933,255,1245,5500,1245,-1,28.545,-1,-1,-1,-1,286011142
2025-05-20 02:14:12.627,0,NVIDIA GeForce RTX 4060 Laptop GPU,46,98,18,8188,7933,255,1245,5500,1245,-1,34.753,-1,-1,-1,-1,286095953
2025-05-20 02:14:13.632,0,NVIDIA GeForce RTX 4060 Laptop GPU,46,100,2,8188,7933,255,1755,5500,1755,-1,34.445,-1,-1,-1,-1,286184036
2025-05-20 02:14:14.636,0,NVIDIA GeForce RTX 4060 Laptop GPU,46,100,2,8188,7933,255,1740,5500,1740,-1,35.197,-1,-1,-1,-1,286288452
2025-05-20 02:14:15.640,0,NVIDIA GeForce RTX 4060 Laptop GPU,44,98,16,8188,7933,255,1740,5500,1740,-1,32.638,-1,-1,-1,-1,286373679
2025-05-20 02:14:16.643,0,NVIDIA GeForce RTX 4060 Laptop GPU,46,98,18,8188,7933,255,1155,5500,1155,-1,35.096,-1,-1,-1,-1,286489225
2025-05-20 02:14:17.652,0,NVIDIA GeForce RTX 4060 Laptop GPU,47,98,18,8188,7933,255,1200,5500,1200,-1,34.967,-1,-1,-1,-1,286561860
2025-05-20 02:14:18.655,0,NVIDIA GeForce RTX 4060 Laptop GPU,48,100,2,8188,7933,255,1755,5500,1755,-1,34.711,-1,-1,-1,-1,286629046
2025-05-20 02:14:19.659,0,NVIDIA GeForce RTX 4060 Laptop GPU,46,100,2,8188,4317,3871,1755,5500,1755,-1,35.056,-1,-1,-1,-1,286703351
2025-05-20 02:14:20.662,0,NVIDIA GeForce RTX 4060 Laptop GPU,48,100,17,8188,7933,255,1215,5500,1215,-1,32.296,-1,-1,-1,-1,286821353
2025-05-20 02:14:21.670,0,NVIDIA GeForce RTX 4060 Laptop GPU,48,100,17,8188,7933,255,1215,5500,1215,-1,35.011,-1,-1,-1,-1,286973881
2025-05-20 02:14:22.674,0,NVIDIA GeForce RTX 4060 Laptop GPU,48,99,17,8188,7933,255,1740,5500,1740,-1,34.236,-1,-1,-1,-1,287043615
2025-05-20 02:14:23.678,0,NVIDIA GeForce RTX 4060 Laptop GPU,49,100,2,8188,7933,255,1695,5500,1695,-1,34.838,-1,-1,-1,-1,287108529
2025-05-20 02:14:24.682,0,NVIDIA GeForce RTX 4060 Laptop GPU,49,98,16,8188,7933,255,1230,5500,1230,-1,32.692,-1,-1,-1,-1,287189984
2025-05-20 02:14:25.696,0,NVIDIA GeForce RTX 4060 Laptop GPU,49,98,19,8188,7933,255,1155,5500,1155,-1,36.055,-1,-1,-1,-1,287326732
2025-05-20 02:14:26.700,0,NVIDIA GeForce RTX 4060 Laptop GPU,49,98,19,8188,7933,255,1170,5500,1170,-1,34.696,-1,-1,-1,-1,287436647
2025-05-20 02:14:27.709,0,NVIDIA GeForce RTX 4060 Laptop GPU,50,100,2,8188,7933,255,1725,5500,1725,-1,34.918,-1,-1,-1,-1,287492284
2025-05-20 02:14:28.712,0,NVIDIA GeForce RTX 4060 Laptop GPU,50,100,2,8188,7933,255,1740,5500,1740,-1,35.04,-1,-1,-1,-1,287562028
2025-05-20 02:14:29.715,0,NVIDIA GeForce RTX 4060 Laptop GPU,51,95,19,8188,7933,255,1245,5500,1245,-1,34.171,-1,-1,-1,-1,287653254
2025-05-20 02:14:30.721,0,NVIDIA GeForce RTX 4060 Laptop GPU,50,98,19,8188,7933,255,1215,5500,1215,-1,34.292,-1,-1,-1,-1,287737219
2025-05-20 02:14:31.727,0,NVIDIA GeForce RTX 4060 Laptop GPU,50,99,18,8188,7933,255,1455,5500,1455,-1,34.698,-1,-1,-1,-1,287818936
2025-05-20 02:14:32.731,0,NVIDIA GeForce RTX 4060 Laptop GPU,51,100,2,8188,7933,255,1680,5500,1680,-1,34.737,-1,-1,-1,-1,287921550
2025-05-20 02:14:33.734,0,NVIDIA GeForce RTX 4060 Laptop GPU,52,59,39,8188,7933,255,2025,5500,2025,-1,31.621,-1,-1,-1,-1,288043158
2025-05-20 02:14:34.738,0,NVIDIA GeForce RTX 4060 Laptop GPU,51,97,18,8188,7933,255,1200,5500,1200,-1,34.103,-1,-1,-1,-1,288151891
2025-05-20 02:14:35.745,0,NVIDIA GeForce RTX 4060 Laptop GPU,51,98,19,8188,7933,255,1200,5500,1200,-1,35.058,-1,-1,-1,-1,288234491
2025-05-20 02:14:36.750,0,NVIDIA GeForce RTX 4060 Laptop GPU,52,100,2,8188,7933,255,1710,5500,1710,-1,34.696,-1,-1,-1,-1,288342894
2025-05-20 02:14:37.753,0,NVIDIA GeForce RTX 4060 Laptop GPU,52,100,2,8188,7933,255,1710,5500,1710,-1,35.093,-1,-1,-1,-1,288474045
2025-05-20 02:14:38.756,0,NVIDIA GeForce RTX 4060 Laptop GPU,53,98,33,8188,7933,255,2025,5500,2025,-1,32.612,-1,-1,-1,-1,288597042
2025-05-20 02:14:39.764,0,NVIDIA GeForce RTX 4060 Laptop GPU,52,98,18,8188,7933,255,1335,5500,1335,-1,34.596,-1,-1,-1,-1,288750950
2025-05-20 02:14:40.769,0,NVIDIA GeForce RTX 4060 Laptop GPU,52,98,18,8188,7933,255,1215,5500,1215,-1,34.933,-1,-1,-1,-1,288816175
2025-05-20 02:14:41.773,0,NVIDIA GeForce RTX 4060 Laptop GPU,53,100,2,8188,7933,255,1740,5500,1740,-1,34.846,-1,-1,-1,-1,288872968
2025-05-20 02:14:42.776,0,NVIDIA GeForce RTX 4060 Laptop GPU,51,100,2,8188,4317,3871,1710,5500,1710,-1,34.71,-1,-1,-1,-1,288921849
2025-05-20 02:14:43.785,0,NVIDIA GeForce RTX 4060 Laptop GPU,53,98,27,8188,7933,255,1215,5500,1215,-1,32.573,-1,-1,-1,-1,288999514
2025-05-20 02:14:44.789,0,NVIDIA GeForce RTX 4060 Laptop GPU,53,98,19,8188,7933,255,1140,5500,1140,-1,34.808,-1,-1,-1,-1,289067925
2025-05-20 02:14:45.793,0,NVIDIA GeForce RTX 4060 Laptop GPU,53,94,18,8188,7933,255,1710,5500,1710,-1,34.361,-1,-1,-1,-1,289149060
2025-05-20 02:14:46.802,0,NVIDIA GeForce RTX 4060 Laptop GPU,53,100,2,8188,7933,255,1695,5500,1695,-1,35.068,-1,-1,-1,-1,289234103
2025-05-20 02:14:47.807,0,NVIDIA GeForce RTX 4060 Laptop GPU,53,99,9,8188,7933,255,1215,5500,1215,-1,32.409,-1,-1,-1,-1,289333275
2025-05-20 02:14:48.813,0,NVIDIA GeForce RTX 4060 Laptop GPU,53,94,18,8188,7933,255,1125,5500,1125,-1,36.166,-1,-1,-1,-1,289454558
2025-05-20 02:14:49.821,0,NVIDIA GeForce RTX 4060 Laptop GPU,53,98,19,8188,7933,255,1140,5500,1140,-1,34.707,-1,-1,-1,-1,289594639
2025-05-20 02:14:50.825,0,NVIDIA GeForce RTX 4060 Laptop GPU,54,99,6,8188,7933,255,1710,5500,1710,-1,34.343,-1,-1,-1,-1,289677207
2025-05-20 02:14:51.828,0,NVIDIA GeForce RTX 4060 Laptop GPU,54,100,2,8188,7933,255,1695,5500,1695,-1,35.042,-1,-1,-1,-1,289743882
2025-05-20 02:14:52.832,0,NVIDIA GeForce RTX 4060 Laptop GPU,54,99,34,8188,7933,255,1215,5500,1215,-1,32.928,-1,-1,-1,-1,289851518
2025-05-20 02:14:53.840,0,NVIDIA GeForce RTX 4060 Laptop GPU,54,100,17,8188,7933,255,1140,5500,1140,-1,34.662,-1,-1,-1,-1,289974673
2025-05-20 02:14:54.844,0,NVIDIA GeForce RTX 4060 Laptop GPU,54,99,17,8188,7933,255,1185,5500,1185,-1,34.922,-1,-1,-1,-1,290111629
2025-05-20 02:14:55.848,0,NVIDIA GeForce RTX 4060 Laptop GPU,54,100,2,8188,7933,255,1710,5500,1710,-1,34.896,-1,-1,-1,-1,290189628
2025-05-20 02:14:56.851,0,NVIDIA GeForce RTX 4060 Laptop GPU,52,100,2,8188,4317,3871,2025,5500,2025,-1,34.94,-1,-1,-1,-1,290258526
2025-05-20 02:14:57.859,0,NVIDIA GeForce RTX 4060 Laptop GPU,54,94,16,8188,7933,255,1155,5500,1155,-1,36.085,-1,-1,-1,-1,290354221
2025-05-20 02:14:58.864,0,NVIDIA GeForce RTX 4060 Laptop GPU,54,98,19,8188,7933,255,1170,5500,1170,-1,34.448,-1,-1,-1,-1,290473808
2025-05-20 02:14:59.869,0,NVIDIA GeForce RTX 4060 Laptop GPU,55,99,14,8188,7933,255,1710,5500,1710,-1,34.275,-1,-1,-1,-1,290608180
2025-05-20 02:15:00.872,0,NVIDIA GeForce RTX 4060 Laptop GPU,55,100,2,8188,7933,255,1710,5500,1710,-1,35.221,-1,-1,-1,-1,290672181
2025-05-20 02:15:01.881,0,NVIDIA GeForce RTX 4060 Laptop GPU,55,63,36,8188,7933,255,1215,5500,1215,-1,33.281,-1,-1,-1,-1,290737855
2025-05-20 02:15:02.885,0,NVIDIA GeForce RTX 4060 Laptop GPU,55,97,18,8188,7933,255,1125,5500,1125,-1,34.782,-1,-1,-1,-1,290830162
2025-05-20 02:15:03.889,0,NVIDIA GeForce RTX 4060 Laptop GPU,55,98,19,8188,7933,255,1125,5500,1125,-1,34.952,-1,-1,-1,-1,290916447
2025-05-20 02:15:04.897,0,NVIDIA GeForce RTX 4060 Laptop GPU,55,100,2,8188,7933,255,1680,5500,1680,-1,34.675,-1,-1,-1,-1,290999428
2025-05-20 02:15:05.900,0,NVIDIA GeForce RTX 4060 Laptop GPU,55,100,2,8188,7933,255,1695,5500,1695,-1,34.944,-1,-1,-1,-1,291103144
2025-05-20 02:15:06.903,0,NVIDIA GeForce RTX 4060 Laptop GPU,55,99,31,8188,7933,255,1200,5500,1200,-1,32.208,-1,-1,-1,-1,291223513
2025-05-20 02:15:07.909,0,NVIDIA GeForce RTX 4060 Laptop GPU,56,99,13,8188,7933,255,1335,5500,1335,-1,35.832,-1,-1,-1,-1,291365592
2025-05-20 02:15:08.916,0,NVIDIA GeForce RTX 4060 Laptop GPU,53,99,17,8188,7933,255,1185,5500,1185,-1,35.205,-1,-1,-1,-1,291439277
2025-05-20 02:15:09.919,0,NVIDIA GeForce RTX 4060 Laptop GPU,56,100,2,8188,7933,255,1680,5500,1680,-1,35.853,-1,-1,-1,-1,291519703
2025-05-20 02:15:10.923,0,NVIDIA GeForce RTX 4060 Laptop GPU,56,100,2,8188,7933,255,1710,5500,1710,-1,34.925,-1,-1,-1,-1,291621979
2025-05-20 02:15:11.926,0,NVIDIA GeForce RTX 4060 Laptop GPU,53,100,12,8188,4317,3871,2025,7000,2025,-1,31.118,-1,-1,-1,-1,291744803
2025-05-20 02:15:12.934,0,NVIDIA GeForce RTX 4060 Laptop GPU,56,100,17,8188,7933,255,1125,5500,1125,-1,34.263,-1,-1,-1,-1,291827978
2025-05-20 02:15:13.938,0,NVIDIA GeForce RTX 4060 Laptop GPU,56,100,17,8188,7933,255,1155,5500,1155,-1,34.667,-1,-1,-1,-1,291896100
2025-05-20 02:15:14.942,0,NVIDIA GeForce RTX 4060 Laptop GPU,56,100,2,8188,7933,255,1695,5500,1695,-1,34.282,-1,-1,-1,-1,291979405
2025-05-20 02:15:15.945,0,NVIDIA GeForce RTX 4060 Laptop GPU,56,100,2,8188,7933,255,1680,5500,1680,-1,35.204,-1,-1,-1,-1,292078583
2025-05-20 02:15:16.952,0,NVIDIA GeForce RTX 4060 Laptop GPU,55,98,25,8188,7933,255,1200,5500,1200,-1,33.175,-1,-1,-1,-1,292174962
2025-05-20 02:15:17.958,0,NVIDIA GeForce RTX 4060 Laptop GPU,56,98,16,8188,7933,255,1125,5500,1125,-1,35.123,-1,-1,-1,-1,292239892
2025-05-20 02:15:18.962,0,NVIDIA GeForce RTX 4060 Laptop GPU,56,98,16,8188,7933,255,1125,5500,1125,-1,34.903,-1,-1,-1,-1,292316060
2025-05-20 02:15:19.966,0,NVIDIA GeForce RTX 4060 Laptop GPU,56,100,2,8188,7933,255,1710,5500,1710,-1,34.719,-1,-1,-1,-1,292409831
2025-05-20 02:15:20.971,0,NVIDIA GeForce RTX 4060 Laptop GPU,57,100,2,8188,7933,255,1695,5500,1695,-1,35.084,-1,-1,-1,-1,292512090
2025-05-20 02:15:21.975,0,NVIDIA GeForce RTX 4060 Laptop GPU,56,98,16,8188,7933,255,1155,5500,1155,-1,35.808,-1,-1,-1,-1,292633872
2025-05-20 02:15:22.978,0,NVIDIA GeForce RTX 4060 Laptop GPU,57,98,17,8188,7933,255,1200,5500,1200,-1,35.278,-1,-1,-1,-1,292776036
2025-05-20 02:15:23.982,0,NVIDIA GeForce RTX 4060 Laptop GPU,55,99,17,8188,7933,255,1200,5500,1200,-1,35.054,-1,-1,-1,-1,292863717
2025-05-20 02:15:24.993,0,NVIDIA GeForce RTX 4060 Laptop GPU,57,100,2,8188,7933,255,1665,5500,1665,-1,34.971,-1,-1,-1,-1,292949413
2025-05-20 02:15:25.996,0,NVIDIA GeForce RTX 4060 Laptop GPU,54,98,15,8188,7933,255,2025,5500,2025,-1,33.779,-1,-1,-1,-1,293054366
2025-05-20 02:15:27.000,0,NVIDIA GeForce RTX 4060 Laptop GPU,57,100,17,8188,7933,255,1155,5500,1155,-1,32.958,-1,-1,-1,-1,293199737
2025-05-20 02:15:28.009,0,NVIDIA GeForce RTX 4060 Laptop GPU,57,100,17,8188,7933,255,1185,5500,1185,-1,34.919,-1,-1,-1,-1,293264309
2025-05-20 02:15:29.013,0,NVIDIA GeForce RTX 4060 Laptop GPU,57,100,2,8188,7933,255,1695,5500,1695,-1,34.494,-1,-1,-1,-1,293320940
2025-05-20 02:15:30.016,0,NVIDIA GeForce RTX 4060 Laptop GPU,57,100,2,8188,7933,255,1680,5500,1680,-1,35.083,-1,-1,-1,-1,293370625
2025-05-20 02:15:31.019,0,NVIDIA GeForce RTX 4060 Laptop GPU,55,98,15,8188,7933,255,1665,5500,1665,-1,32.896,-1,-1,-1,-1,293442831
2025-05-20 02:15:32.028,0,NVIDIA GeForce RTX 4060 Laptop GPU,57,98,17,8188,7933,255,1125,5500,1125,-1,34.604,-1,-1,-1,-1,293569278
2025-05-20 02:15:33.032,0,NVIDIA GeForce RTX 4060 Laptop GPU,57,99,16,8188,7933,255,1155,5500,1155,-1,34.972,-1,-1,-1,-1,293688897
2025-05-20 02:15:34.036,0,NVIDIA GeForce RTX 4060 Laptop GPU,57,100,2,8188,7933,255,1695,5500,1695,-1,34.832,-1,-1,-1,-1,293758063
2025-05-20 02:15:35.039,0,NVIDIA GeForce RTX 4060 Laptop GPU,58,100,2,8188,7933,255,1680,5500,1680,-1,34.907,-1,-1,-1,-1,293831785
2025-05-20 02:15:36.047,0,NVIDIA GeForce RTX 4060 Laptop GPU,58,98,21,8188,7933,255,1200,5500,1200,-1,32.915,-1,-1,-1,-1,293947679
2025-05-20 02:15:37.052,0,NVIDIA GeForce RTX 4060 Laptop GPU,58,98,17,8188,7933,255,1185,5500,1185,-1,34.942,-1,-1,-1,-1,294078315
2025-05-20 02:15:38.056,0,NVIDIA GeForce RTX 4060 Laptop GPU,57,98,17,8188,7933,255,1170,5500,1170,-1,35.046,-1,-1,-1,-1,294197783
2025-05-20 02:15:39.070,0,NVIDIA GeForce RTX 4060 Laptop GPU,58,100,2,8188,7933,255,1650,5500,1650,-1,34.932,-1,-1,-1,-1,294264863
2025-05-20 02:15:40.073,0,NVIDIA GeForce RTX 4060 Laptop GPU,61,99,8,8188,7933,255,2025,5500,2025,-1,32.689,-1,-1,-1,-1,294336788
2025-05-20 02:15:41.077,0,NVIDIA GeForce RTX 4060 Laptop GPU,57,96,16,8188,7933,255,1125,5500,1125,-1,34.157,-1,-1,-1,-1,294436325
2025-05-20 02:15:42.084,0,NVIDIA GeForce RTX 4060 Laptop GPU,58,98,17,8188,7933,255,1140,5500,1140,-1,34.705,-1,-1,-1,-1,294551849
2025-05-20 02:15:43.089,0,NVIDIA GeForce RTX 4060 Laptop GPU,58,99,3,8188,7933,255,1695,5500,1695,-1,34.545,-1,-1,-1,-1,294685725
2025-05-20 02:15:44.092,0,NVIDIA GeForce RTX 4060 Laptop GPU,58,100,2,8188,7933,255,1695,5500,1695,-1,35.117,-1,-1,-1,-1,294810060
2025-05-20 02:15:45.096,0,NVIDIA GeForce RTX 4060 Laptop GPU,56,98,39,8188,7933,255,1620,5500,1620,-1,33.215,-1,-1,-1,-1,294882947
2025-05-20 02:15:46.106,0,NVIDIA GeForce RTX 4060 Laptop GPU,58,88,16,8188,7933,255,1200,5500,1200,-1,34.993,-1,-1,-1,-1,294970487
2025-05-20 02:15:47.110,0,NVIDIA GeForce RTX 4060 Laptop GPU,58,96,16,8188,7933,255,1170,5500,1170,-1,34.854,-1,-1,-1,-1,295081326
2025-05-20 02:15:48.114,0,NVIDIA GeForce RTX 4060 Laptop GPU,58,100,2,8188,7933,255,1695,5500,1695,-1,34.717,-1,-1,-1,-1,295210123
2025-05-20 02:15:49.122,0,NVIDIA GeForce RTX 4060 Laptop GPU,58,100,2,8188,7933,255,1695,5500,1695,-1,35.015,-1,-1,-1,-1,295343829
2025-05-20 02:15:50.125,0,NVIDIA GeForce RTX 4060 Laptop GPU,59,98,16,8188,7933,255,1200,5500,1200,-1,35.204,-1,-1,-1,-1,295430367
2025-05-20 02:15:51.129,0,NVIDIA GeForce RTX 4060 Laptop GPU,58,100,17,8188,7933,255,1185,5500,1185,-1,34.709,-1,-1,-1,-1,295551612
2025-05-20 02:15:52.133,0,NVIDIA GeForce RTX 4060 Laptop GPU,58,100,17,8188,7933,255,1185,5500,1185,-1,35.102,-1,-1,-1,-1,295622621
2025-05-20 02:15:53.146,0,NVIDIA GeForce RTX 4060 Laptop GPU,58,100,2,8188,7933,255,1650,5500,1650,-1,34.831,-1,-1,-1,-1,295713457
2025-05-20 02:15:54.149,0,NVIDIA GeForce RTX 4060 Laptop GPU,60,65,21,8188,7933,255,2025,5500,2025,-1,32.356,-1,-1,-1,-1,295817744
2025-05-20 02:15:55.153,0,NVIDIA GeForce RTX 4060 Laptop GPU,59,98,16,8188,7933,255,1170,5500,1170,-1,33.86,-1,-1,-1,-1,295958769
2025-05-20 02:15:56.161,0,NVIDIA GeForce RTX 4060 Laptop GPU,59,98,16,8188,7933,255,1185,5500,1185,-1,34.879,-1,-1,-1,-1,296048011
2025-05-20 02:15:57.165,0,NVIDIA GeForce RTX 4060 Laptop GPU,59,100,2,8188,7933,255,1695,5500,1695,-1,34.381,-1,-1,-1,-1,296115286
2025-05-20 02:15:58.168,0,NVIDIA GeForce RTX 4060 Laptop GPU,59,100,2,8188,7933,255,1680,5500,1680,-1,35.041,-1,-1,-1,-1,296193203
2025-05-20 02:15:59.171,0,NVIDIA GeForce RTX 4060 Laptop GPU,57,99,18,8188,7933,255,1740,5500,1740,-1,33.669,-1,-1,-1,-1,296285196
2025-05-20 02:16:00.179,0,NVIDIA GeForce RTX 4060 Laptop GPU,59,98,16,8188,7933,255,1155,5500,1155,-1,34.69,-1,-1,-1,-1,296388267
2025-05-20 02:16:01.183,0,NVIDIA GeForce RTX 4060 Laptop GPU,59,99,16,8188,7933,255,1155,5500,1155,-1,34.909,-1,-1,-1,-1,296509750
2025-05-20 02:16:02.187,0,NVIDIA GeForce RTX 4060 Laptop GPU,59,100,2,8188,7933,255,1680,5500,1680,-1,34.893,-1,-1,-1,-1,296647726
2025-05-20 02:16:03.192,0,NVIDIA GeForce RTX 4060 Laptop GPU,59,100,2,8188,7933,255,1680,5500,1680,-1,35.063,-1,-1,-1,-1,296719660
2025-05-20 02:16:04.198,0,NVIDIA GeForce RTX 4060 Laptop GPU,59,98,15,8188,7933,255,1185,5500,1185,-1,33.4,-1,-1,-1,-1,296790895
2025-05-20 02:16:05.203,0,NVIDIA GeForce RTX 4060 Laptop GPU,59,98,17,8188,7933,255,1155,5500,1155,-1,34.856,-1,-1,-1,-1,296885057
2025-05-20 02:16:06.207,0,NVIDIA GeForce RTX 4060 Laptop GPU,59,98,17,8188,7933,255,1680,5500,1680,-1,35.056,-1,-1,-1,-1,297000125
2025-05-20 02:16:07.210,0,NVIDIA GeForce RTX 4060 Laptop GPU,59,100,2,8188,7933,255,1650,5500,1650,-1,34.799,-1,-1,-1,-1,297134094
2025-05-20 02:16:08.216,0,NVIDIA GeForce RTX 4060 Laptop GPU,60,87,15,8188,7933,255,1260,5500,1260,-1,33.276,-1,-1,-1,-1,297261905
2025-05-20 02:16:09.221,0,NVIDIA GeForce RTX 4060 Laptop GPU,59,99,16,8188,7933,255,1185,5500,1185,-1,34.305,-1,-1,-1,-1,297329894
2025-05-20 02:16:10.224,0,NVIDIA GeForce RTX 4060 Laptop GPU,59,100,16,8188,7933,255,1155,5500,1155,-1,34.936,-1,-1,-1,-1,297380979
2025-05-20 02:16:11.228,0,NVIDIA GeForce RTX 4060 Laptop GPU,59,100,2,8188,7933,255,1695,5500,1695,-1,34.435,-1,-1,-1,-1,297444694
2025-05-20 02:16:12.235,0,NVIDIA GeForce RTX 4060 Laptop GPU,60,100,2,8188,7933,255,1695,5500,1695,-1,35.053,-1,-1,-1,-1,297510024
2025-05-20 02:16:13.238,0,NVIDIA GeForce RTX 4060 Laptop GPU,59,94,53,8188,7933,255,1980,5500,1980,-1,31.506,-1,-1,-1,-1,297576745
2025-05-20 02:16:14.242,0,NVIDIA GeForce RTX 4060 Laptop GPU,60,98,26,8188,7933,255,1200,5500,1200,-1,34.686,-1,-1,-1,-1,297661231
2025-05-20 02:16:15.246,0,NVIDIA GeForce RTX 4060 Laptop GPU,60,100,16,8188,7933,255,1200,5500,1200,-1,34.597,-1,-1,-1,-1,297737432
2025-05-20 02:16:16.261,0,NVIDIA GeForce RTX 4060 Laptop GPU,60,100,16,8188,7933,255,1155,5500,1155,-1,35.016,-1,-1,-1,-1,297840583
2025-05-20 02:16:17.266,0,NVIDIA GeForce RTX 4060 Laptop GPU,60,100,2,8188,7933,255,1650,5500,1650,-1,34.865,-1,-1,-1,-1,297963459
2025-05-20 02:16:18.273,0,NVIDIA GeForce RTX 4060 Laptop GPU,57,100,2,8188,7933,255,2025,5500,2025,-1,33.048,-1,-1,-1,-1,298094032
2025-05-20 02:16:19.278,0,NVIDIA GeForce RTX 4060 Laptop GPU,60,92,15,8188,7933,255,1140,5500,1140,-1,33.357,-1,-1,-1,-1,298158900
2025-05-20 02:16:20.282,0,NVIDIA GeForce RTX 4060 Laptop GPU,60,98,17,8188,7933,255,1155,5500,1155,-1,34.747,-1,-1,-1,-1,298234839
2025-05-20 02:16:21.286,0,NVIDIA GeForce RTX 4060 Laptop GPU,60,99,13,8188,7933,255,1695,5500,1695,-1,34.189,-1,-1,-1,-1,298324977
2025-05-20 02:16:22.291,0,NVIDIA GeForce RTX 4060 Laptop GPU,60,100,2,8188,7933,255,1680,5500,1680,-1,35.134,-1,-1,-1,-1,298427618
2025-05-20 02:16:23.295,0,NVIDIA GeForce RTX 4060 Laptop GPU,60,61,39,8188,7933,255,1185,5500,1185,-1,32.991,-1,-1,-1,-1,298548157
2025-05-20 02:16:24.298,0,NVIDIA GeForce RTX 4060 Laptop GPU,60,98,16,8188,7933,255,1125,5500,1125,-1,35.187,-1,-1,-1,-1,298695983
2025-05-20 02:16:25.302,0,NVIDIA GeForce RTX 4060 Laptop GPU,60,98,16,8188,7933,255,1125,5500,1125,-1,34.925,-1,-1,-1,-1,298764321
2025-05-20 02:16:26.311,0,NVIDIA GeForce RTX 4060 Laptop GPU,60,100,2,8188,7933,255,1695,5500,1695,-1,34.492,-1,-1,-1,-1,298848322
2025-05-20 02:16:27.314,0,NVIDIA GeForce RTX 4060 Laptop GPU,60,100,2,8188,7933,255,1695,5500,1695,-1,35.006,-1,-1,-1,-1,298956573
2025-05-20 02:16:28.318,0,NVIDIA GeForce RTX 4060 Laptop GPU,61,98,27,8188,7933,255,1155,5500,1155,-1,35.167,-1,-1,-1,-1,299040746
2025-05-20 02:16:29.322,0,NVIDIA GeForce RTX 4060 Laptop GPU,60,98,16,8188,7933,255,1170,5500,1170,-1,37.491,-1,-1,-1,-1,299122332
2025-05-20 02:16:30.329,0,NVIDIA GeForce RTX 4060 Laptop GPU,60,98,17,8188,7933,255,1170,5500,1170,-1,35.145,-1,-1,-1,-1,299221408
2025-05-20 02:16:31.333,0,NVIDIA GeForce RTX 4060 Laptop GPU,60,100,2,8188,7933,255,1650,5500,1650,-1,34.953,-1,-1,-1,-1,299306510
2025-05-20 02:16:32.336,0,NVIDIA GeForce RTX 4060 Laptop GPU,58,99,7,8188,7933,255,2025,5500,2025,-1,34.39,-1,-1,-1,-1,299374972
2025-05-20 02:16:33.339,0,NVIDIA GeForce RTX 4060 Laptop GPU,60,93,16,8188,7933,255,1125,5500,1125,-1,32.511,-1,-1,-1,-1,299507345
2025-05-20 02:16:34.348,0,NVIDIA GeForce RTX 4060 Laptop GPU,60,98,16,8188,7933,255,1170,5500,1170,-1,34.812,-1,-1,-1,-1,299599170
2025-05-20 02:16:35.352,0,NVIDIA GeForce RTX 4060 Laptop GPU,60,99,6,8188,7933,255,1680,5500,1680,-1,34.329,-1,-1,-1,-1,299665855
2025-05-20 02:16:36.356,0,NVIDIA GeForce RTX 4060 Laptop GPU,61,100,2,8188,7933,255,1665,5500,1665,-1,35.164,-1,-1,-1,-1,299740387
2025-05-20 02:16:37.359,0,NVIDIA GeForce RTX 4060 Laptop GPU,61,74,35,8188,7933,255,1185,5500,1185,-1,33.229,-1,-1,-1,-1,299839236
2025-05-20 02:16:38.367,0,NVIDIA GeForce RTX 4060 Laptop GPU,60,98,16,8188,7933,255,1170,5500,1170,-1,35.658,-1,-1,-1,-1,299970452
2025-05-20 02:16:39.371,0,NVIDIA GeForce RTX 4060 Laptop GPU,60,98,17,8188,7933,255,1140,5500,1140,-1,35.034,-1,-1,-1,-1,300070281
2025-05-20 02:16:40.375,0,NVIDIA GeForce RTX 4060 Laptop GPU,61,100,2,8188,7933,255,1695,5500,1695,-1,34.392,-1,-1,-1,-1,300139324
2025-05-20 02:16:41.379,0,NVIDIA GeForce RTX 4060 Laptop GPU,61,100,2,8188,7933,255,1695,5500,1695,-1,35.046,-1,-1,-1,-1,300217630
2025-05-20 02:16:42.386,0,NVIDIA GeForce RTX 4060 Laptop GPU,61,98,31,8188,7933,255,1155,5500,1155,-1,34.613,-1,-1,-1,-1,300308955
2025-05-20 02:16:43.390,0,NVIDIA GeForce RTX 4060 Laptop GPU,61,100,16,8188,7933,255,1170,5500,1170,-1,35.694,-1,-1,-1,-1,300433216
2025-05-20 02:16:44.394,0,NVIDIA GeForce RTX 4060 Laptop GPU,61,100,17,8188,7933,255,1155,5500,1155,-1,35.053,-1,-1,-1,-1,300570752
2025-05-20 02:16:45.398,0,NVIDIA GeForce RTX 4060 Laptop GPU,61,100,2,8188,7933,255,1695,5500,1695,-1,34.831,-1,-1,-1,-1,300650869
2025-05-20 02:16:46.404,0,NVIDIA GeForce RTX 4060 Laptop GPU,59,100,2,8188,4317,3871,1680,5500,1680,-1,35.017,-1,-1,-1,-1,300730491
2025-05-20 02:16:47.407,0,NVIDIA GeForce RTX 4060 Laptop GPU,61,94,15,8188,7933,255,1140,5500,1140,-1,33.52,-1,-1,-1,-1,300833389
2025-05-20 02:16:48.413,0,NVIDIA GeForce RTX 4060 Laptop GPU,61,98,17,8188,7933,255,1170,5500,1170,-1,35.153,-1,-1,-1,-1,300940035
2025-05-20 02:16:49.417,0,NVIDIA GeForce RTX 4060 Laptop GPU,61,99,14,8188,7933,255,1695,5500,1695,-1,34.366,-1,-1,-1,-1,301065165
2025-05-20 02:16:50.422,0,NVIDIA GeForce RTX 4060 Laptop GPU,61,100,2,8188,7933,255,1680,5500,1680,-1,35.151,-1,-1,-1,-1,301213439
2025-05-20 02:16:51.426,0,NVIDIA GeForce RTX 4060 Laptop GPU,61,62,37,8188,7933,255,1200,5500,1200,-1,33.296,-1,-1,-1,-1,301276205
2025-05-20 02:16:52.431,0,NVIDIA GeForce RTX 4060 Laptop GPU,61,98,14,8188,7933,255,1125,5500,1125,-1,36.613,-1,-1,-1,-1,301346156
2025-05-20 02:16:53.436,0,NVIDIA GeForce RTX 4060 Laptop GPU,61,98,17,8188,7933,255,1125,5500,1125,-1,34.863,-1,-1,-1,-1,301464212
2025-05-20 02:16:54.443,0,NVIDIA GeForce RTX 4060 Laptop GPU,61,100,2,8188,7933,255,1695,5500,1695,-1,34.327,-1,-1,-1,-1,301591462
2025-05-20 02:16:55.446,0,NVIDIA GeForce RTX 4060 Laptop GPU,61,100,2,8188,7933,255,1695,5500,1695,-1,35.049,-1,-1,-1,-1,301685092
2025-05-20 02:16:56.450,0,NVIDIA GeForce RTX 4060 Laptop GPU,67,98,16,8188,7933,255,1965,5500,1965,-1,32.529,-1,-1,-1,-1,301752847
2025-05-20 02:16:57.501,0,NVIDIA GeForce RTX 4060 Laptop GPU,61,98,16,8188,7933,255,1170,5500,1170,-1,36.91,-1,-1,-1,-1,301890987
2025-05-20 02:16:58.505,0,NVIDIA GeForce RTX 4060 Laptop GPU,61,98,16,8188,7933,255,1170,5500,1170,-1,34.961,-1,-1,-1,-1,302005783
2025-05-20 02:16:59.509,0,NVIDIA GeForce RTX 4060 Laptop GPU,61,100,2,8188,7933,255,1680,5500,1680,-1,34.888,-1,-1,-1,-1,302072638
2025-05-20 02:17:00.512,0,NVIDIA GeForce RTX 4060 Laptop GPU,60,100,2,8188,4317,3871,1920,5500,1920,-1,34.975,-1,-1,-1,-1,302144920
2025-05-20 02:17:01.534,0,NVIDIA GeForce RTX 4060 Laptop GPU,61,82,14,8188,7933,255,1140,5500,1140,-1,34.783,-1,-1,-1,-1,302216807
2025-05-20 02:17:02.539,0,NVIDIA GeForce RTX 4060 Laptop GPU,62,98,17,8188,7933,255,1170,5500,1170,-1,34.53,-1,-1,-1,-1,302292194
2025-05-20 02:17:03.543,0,NVIDIA GeForce RTX 4060 Laptop GPU,61,99,9,8188,7933,255,1680,5500,1680,-1,34.349,-1,-1,-1,-1,302384422
2025-05-20 02:17:04.547,0,NVIDIA GeForce RTX 4060 Laptop GPU,62,100,2,8188,7933,255,1680,5500,1680,-1,34.974,-1,-1,-1,-1,302479138
2025-05-20 02:17:05.550,0,NVIDIA GeForce RTX 4060 Laptop GPU,62,40,29,8188,7933,255,1170,5500,1170,-1,32.002,-1,-1,-1,-1,302568764
2025-05-20 02:17:06.563,0,NVIDIA GeForce RTX 4060 Laptop GPU,61,97,16,8188,7933,255,1170,5500,1170,-1,35.641,-1,-1,-1,-1,302633587
2025-05-20 02:17:07.567,0,NVIDIA GeForce RTX 4060 Laptop GPU,61,96,16,8188,7933,255,1125,5500,1125,-1,34.862,-1,-1,-1,-1,302702579
2025-05-20 02:17:08.570,0,NVIDIA GeForce RTX 4060 Laptop GPU,62,100,2,8188,7933,255,1680,5500,1680,-1,34.31,-1,-1,-1,-1,302784718
2025-05-20 02:17:09.576,0,NVIDIA GeForce RTX 4060 Laptop GPU,62,100,2,8188,7933,255,1680,5500,1680,-1,34.989,-1,-1,-1,-1,302877622
2025-05-20 02:17:10.580,0,NVIDIA GeForce RTX 4060 Laptop GPU,63,99,22,8188,7933,255,2025,5500,2025,-1,31.969,-1,-1,-1,-1,302986814
2025-05-20 02:17:11.584,0,NVIDIA GeForce RTX 4060 Laptop GPU,62,97,16,8188,7933,255,1260,5500,1260,-1,35.092,-1,-1,-1,-1,303120675
2025-05-20 02:17:12.588,0,NVIDIA GeForce RTX 4060 Laptop GPU,62,96,16,8188,7933,255,1200,5500,1200,-1,34.986,-1,-1,-1,-1,303224454
2025-05-20 02:17:13.596,0,NVIDIA GeForce RTX 4060 Laptop GPU,62,100,2,8188,7933,255,1680,5500,1680,-1,34.459,-1,-1,-1,-1,303307757
2025-05-20 02:17:14.599,0,NVIDIA GeForce RTX 4060 Laptop GPU,62,100,2,8188,7933,255,1680,5500,1680,-1,34.937,-1,-1,-1,-1,303415679
2025-05-20 02:17:15.603,0,NVIDIA GeForce RTX 4060 Laptop GPU,59,99,10,8188,7933,255,2025,7000,2025,-1,31.387,-1,-1,-1,-1,303546245
2025-05-20 02:17:16.608,0,NVIDIA GeForce RTX 4060 Laptop GPU,62,94,16,8188,7933,255,1125,5500,1125,-1,34.261,-1,-1,-1,-1,303641670
2025-05-20 02:17:17.614,0,NVIDIA GeForce RTX 4060 Laptop GPU,62,99,17,8188,7933,255,1125,5500,1125,-1,34.858,-1,-1,-1,-1,303743308
2025-05-20 02:17:18.618,0,NVIDIA GeForce RTX 4060 Laptop GPU,62,99,6,8188,7933,255,1680,5500,1680,-1,34.258,-1,-1,-1,-1,303811200
2025-05-20 02:17:19.622,0,NVIDIA GeForce RTX 4060 Laptop GPU,62,100,2,8188,7933,255,1680,5500,1680,-1,34.987,-1,-1,-1,-1,303880416
2025-05-20 02:17:20.626,0,NVIDIA GeForce RTX 4060 Laptop GPU,60,78,38,8188,7933,255,1665,5500,1665,-1,35.368,-1,-1,-1,-1,303962733
2025-05-20 02:17:21.662,0,NVIDIA GeForce RTX 4060 Laptop GPU,62,100,17,8188,7933,255,1185,5500,1185,-1,34.846,-1,-1,-1,-1,304088810
2025-05-20 02:17:22.673,0,NVIDIA GeForce RTX 4060 Laptop GPU,62,100,17,8188,7933,255,1170,5500,1170,-1,34.884,-1,-1,-1,-1,304219268
2025-05-20 02:17:23.677,0,NVIDIA GeForce RTX 4060 Laptop GPU,62,100,2,8188,7933,255,1680,5500,1680,-1,34.562,-1,-1,-1,-1,304285678
2025-05-20 02:17:24.680,0,NVIDIA GeForce RTX 4060 Laptop GPU,62,100,2,8188,7933,255,1680,5500,1680,-1,34.947,-1,-1,-1,-1,304355433
2025-05-20 02:17:25.683,0,NVIDIA GeForce RTX 4060 Laptop GPU,63,100,16,8188,7933,255,1155,5500,1155,-1,33.815,-1,-1,-1,-1,304469358
2025-05-20 02:17:26.692,0,NVIDIA GeForce RTX 4060 Laptop GPU,62,100,17,8188,7933,255,1170,5500,1170,-1,35.956,-1,-1,-1,-1,304599909
2025-05-20 02:17:27.695,0,NVIDIA GeForce RTX 4060 Laptop GPU,61,100,17,8188,7933,255,1605,5500,1605,-1,35.04,-1,-1,-1,-1,304666552
2025-05-20 02:17:28.699,0,NVIDIA GeForce RTX 4060 Laptop GPU,62,100,2,8188,7933,255,1665,5500,1665,-1,34.423,-1,-1,-1,-1,304720393
2025-05-20 02:17:29.702,0,NVIDIA GeForce RTX 4060 Laptop GPU,60,67,14,8188,7933,255,2025,5500,2025,-1,32.548,-1,-1,-1,-1,304773955
2025-05-20 02:17:30.710,0,NVIDIA GeForce RTX 4060 Laptop GPU,62,98,16,8188,7933,255,1125,5500,1125,-1,33.939,-1,-1,-1,-1,304912169
2025-05-20 02:17:31.714,0,NVIDIA GeForce RTX 4060 Laptop GPU,62,99,17,8188,7933,255,1125,5500,1125,-1,34.902,-1,-1,-1,-1,305000909
2025-05-20 02:17:32.718,0,NVIDIA GeForce RTX 4060 Laptop GPU,63,100,2,8188,7933,255,1695,5500,1695,-1,34.196,-1,-1,-1,-1,305067099
2025-05-20 02:17:33.721,0,NVIDIA GeForce RTX 4060 Laptop GPU,63,100,2,8188,7933,255,1680,5500,1680,-1,35.097,-1,-1,-1,-1,305145456
2025-05-20 02:17:34.729,0,NVIDIA GeForce RTX 4060 Laptop GPU,61,94,16,8188,7933,255,1185,5500,1185,-1,32.909,-1,-1,-1,-1,305246672
2025-05-20 02:17:35.733,0,NVIDIA GeForce RTX 4060 Laptop GPU,62,98,16,8188,7933,255,1125,5500,1125,-1,34.811,-1,-1,-1,-1,305388251
2025-05-20 02:17:36.737,0,NVIDIA GeForce RTX 4060 Laptop GPU,62,98,16,8188,7933,255,1140,5500,1140,-1,34.778,-1,-1,-1,-1,305474417
2025-05-20 02:17:37.741,0,NVIDIA GeForce RTX 4060 Laptop GPU,63,100,2,8188,7933,255,1680,5500,1680,-1,34.384,-1,-1,-1,-1,305545903
2025-05-20 02:17:38.748,0,NVIDIA GeForce RTX 4060 Laptop GPU,63,100,2,8188,7933,255,1695,5500,1695,-1,34.99,-1,-1,-1,-1,305626635
2025-05-20 02:17:39.752,0,NVIDIA GeForce RTX 4060 Laptop GPU,64,98,24,8188,7933,255,1185,5500,1185,-1,35.207,-1,-1,-1,-1,305719902
2025-05-20 02:17:40.756,0,NVIDIA GeForce RTX 4060 Laptop GPU,63,98,17,8188,7933,255,1170,5500,1170,-1,37.314,-1,-1,-1,-1,305862132
2025-05-20 02:17:41.761,0,NVIDIA GeForce RTX 4060 Laptop GPU,61,98,17,8188,7933,255,1170,5500,1170,-1,34.994,-1,-1,-1,-1,305933916
2025-05-20 02:17:42.767,0,NVIDIA GeForce RTX 4060 Laptop GPU,63,100,2,8188,7933,255,1635,5500,1635,-1,34.514,-1,-1,-1,-1,305979278
2025-05-20 02:17:43.770,0,NVIDIA GeForce RTX 4060 Laptop GPU,60,99,8,8188,7933,255,2025,5500,2025,-1,32.671,-1,-1,-1,-1,306030466
2025-05-20 02:17:44.773,0,NVIDIA GeForce RTX 4060 Laptop GPU,63,100,17,8188,7933,255,1125,5500,1125,-1,35.027,-1,-1,-1,-1,306149403
2025-05-20 02:17:45.777,0,NVIDIA GeForce RTX 4060 Laptop GPU,63,99,17,8188,7933,255,1155,5500,1155,-1,34.617,-1,-1,-1,-1,306287569
2025-05-20 02:17:46.785,0,NVIDIA GeForce RTX 4060 Laptop GPU,63,99,2,8188,7933,255,1680,5500,1680,-1,34.309,-1,-1,-1,-1,306399130
2025-05-20 02:17:47.789,0,NVIDIA GeForce RTX 4060 Laptop GPU,63,100,2,8188,7933,255,1680,5500,1680,-1,34.992,-1,-1,-1,-1,306466035
2025-05-20 02:17:48.792,0,NVIDIA GeForce RTX 4060 Laptop GPU,61,98,32,8188,7933,255,1650,5500,1650,-1,33.253,-1,-1,-1,-1,306559183
2025-05-20 02:17:49.796,0,NVIDIA GeForce RTX 4060 Laptop GPU,63,98,16,8188,7933,255,1110,5500,1110,-1,34.731,-1,-1,-1,-1,306699085
2025-05-20 02:17:50.804,0,NVIDIA GeForce RTX 4060 Laptop GPU,63,99,16,8188,7933,255,1155,5500,1155,-1,34.926,-1,-1,-1,-1,306801883
2025-05-20 02:17:51.810,0,NVIDIA GeForce RTX 4060 Laptop GPU,63,100,2,8188,7933,255,1680,5500,1680,-1,34.479,-1,-1,-1,-1,306866024
2025-05-20 02:17:52.814,0,NVIDIA GeForce RTX 4060 Laptop GPU,63,100,2,8188,7933,255,1680,5500,1680,-1,34.969,-1,-1,-1,-1,306937393
2025-05-20 02:17:53.817,0,NVIDIA GeForce RTX 4060 Laptop GPU,63,97,33,8188,7933,255,1200,5500,1200,-1,33.5,-1,-1,-1,-1,307056961
2025-05-20 02:17:54.829,0,NVIDIA GeForce RTX 4060 Laptop GPU,63,100,17,8188,7933,255,1170,5500,1170,-1,34.581,-1,-1,-1,-1,307131097
2025-05-20 02:17:55.834,0,NVIDIA GeForce RTX 4060 Laptop GPU,62,100,17,8188,7933,255,1140,5500,1140,-1,35.047,-1,-1,-1,-1,307230152
2025-05-20 02:17:56.842,0,NVIDIA GeForce RTX 4060 Laptop GPU,63,100,2,8188,7933,255,1650,5500,1650,-1,34.72,-1,-1,-1,-1,307314934
2025-05-20 02:17:57.846,0,NVIDIA GeForce RTX 4060 Laptop GPU,61,64,19,8188,7933,255,2025,5500,2025,-1,32.111,-1,-1,-1,-1,307383114
2025-05-20 02:17:58.849,0,NVIDIA GeForce RTX 4060 Laptop GPU,63,98,16,8188,7933,255,1125,5500,1125,-1,34.063,-1,-1,-1,-1,307467075
2025-05-20 02:17:59.854,0,NVIDIA GeForce RTX 4060 Laptop GPU,63,98,16,8188,7933,255,1155,5500,1155,-1,34.785,-1,-1,-1,-1,307562994
2025-05-20 02:18:00.861,0,NVIDIA GeForce RTX 4060 Laptop GPU,63,100,2,8188,7933,255,1680,5500,1680,-1,34.381,-1,-1,-1,-1,307672196
2025-05-20 02:18:01.864,0,NVIDIA GeForce RTX 4060 Laptop GPU,63,100,2,8188,7933,255,1680,5500,1680,-1,35.022,-1,-1,-1,-1,307806691
2025-05-20 02:18:02.868,0,NVIDIA GeForce RTX 4060 Laptop GPU,62,100,16,8188,7933,255,1200,5500,1200,-1,33.088,-1,-1,-1,-1,307919762
2025-05-20 02:18:03.871,0,NVIDIA GeForce RTX 4060 Laptop GPU,63,99,16,8188,7933,255,1125,5500,1125,-1,35.043,-1,-1,-1,-1,308003343
2025-05-20 02:18:04.880,0,NVIDIA GeForce RTX 4060 Laptop GPU,63,99,16,8188,7933,255,1155,5500,1155,-1,34.796,-1,-1,-1,-1,308096022
2025-05-20 02:18:05.884,0,NVIDIA GeForce RTX 4060 Laptop GPU,63,100,2,8188,7933,255,1680,5500,1680,-1,34.511,-1,-1,-1,-1,308209060
2025-05-20 02:18:06.887,0,NVIDIA GeForce RTX 4060 Laptop GPU,63,100,2,8188,7933,255,1665,5500,1665,-1,34.986,-1,-1,-1,-1,308342374
2025-05-20 02:18:07.890,0,NVIDIA GeForce RTX 4060 Laptop GPU,64,99,31,8188,7933,255,1185,5500,1185,-1,33.027,-1,-1,-1,-1,308474820
2025-05-20 02:18:08.898,0,NVIDIA GeForce RTX 4060 Laptop GPU,63,99,16,8188,7933,255,1170,5500,1170,-1,35.296,-1,-1,-1,-1,308624617
2025-05-20 02:18:09.902,0,NVIDIA GeForce RTX 4060 Laptop GPU,63,98,16,8188,7933,255,1170,5500,1170,-1,34.982,-1,-1,-1,-1,308705193
2025-05-20 02:18:10.906,0,NVIDIA GeForce RTX 4060 Laptop GPU,63,100,2,8188,7935,253,1650,5500,1650,-1,34.456,-1,-1,-1,-1,308758649
2025-05-20 02:18:11.909,0,NVIDIA GeForce RTX 4060 Laptop GPU,61,100,2,8188,7933,255,2025,5500,2025,-1,32.461,-1,-1,-1,-1,308806984
2025-05-20 02:18:12.922,0,NVIDIA GeForce RTX 4060 Laptop GPU,63,94,15,8188,7933,255,1125,5500,1125,-1,37.553,-1,-1,-1,-1,308900866
2025-05-20 02:18:13.930,0,NVIDIA GeForce RTX 4060 Laptop GPU,63,99,16,8188,7933,255,1155,5500,1155,-1,34.788,-1,-1,-1,-1,309018040
2025-05-20 02:18:14.939,0,NVIDIA GeForce RTX 4060 Laptop GPU,64,99,14,8188,7935,253,1695,5500,1695,-1,34.074,-1,-1,-1,-1,309080958
2025-05-20 02:18:15.943,0,NVIDIA GeForce RTX 4060 Laptop GPU,64,100,2,8188,7935,253,1680,5500,1680,-1,35.02,-1,-1,-1,-1,309148969
2025-05-20 02:18:16.946,0,NVIDIA GeForce RTX 4060 Laptop GPU,62,73,41,8188,7933,255,1980,5500,1980,-1,31.736,-1,-1,-1,-1,309234267
2025-05-20 02:18:17.958,0,NVIDIA GeForce RTX 4060 Laptop GPU,64,98,22,8188,7933,255,1170,5500,1170,-1,33.229,-1,-1,-1,-1,309351306
2025-05-20 02:18:18.962,0,NVIDIA GeForce RTX 4060 Laptop GPU,64,98,16,8188,7933,255,1185,5500,1185,-1,35.098,-1,-1,-1,-1,309483465
2025-05-20 02:18:19.966,0,NVIDIA GeForce RTX 4060 Laptop GPU,63,98,16,8188,7933,255,1140,5500,1140,-1,34.968,-1,-1,-1,-1,309569050
2025-05-20 02:18:20.978,0,NVIDIA GeForce RTX 4060 Laptop GPU,64,100,2,8188,7935,253,1650,5500,1650,-1,34.94,-1,-1,-1,-1,309652659
2025-05-20 02:18:21.982,0,NVIDIA GeForce RTX 4060 Laptop GPU,61,100,2,8188,4317,3871,2025,5500,2025,-1,34.569,-1,-1,-1,-1,309752823
2025-05-20 02:18:22.985,0,NVIDIA GeForce RTX 4060 Laptop GPU,63,94,14,8188,7933,255,1170,5500,1170,-1,33.487,-1,-1,-1,-1,309871839
2025-05-20 02:18:23.994,0,NVIDIA GeForce RTX 4060 Laptop GPU,63,98,16,8188,7933,255,1140,5500,1140,-1,34.693,-1,-1,-1,-1,309941923
2025-05-20 02:18:24.998,0,NVIDIA GeForce RTX 4060 Laptop GPU,64,99,13,8188,7935,253,1680,5500,1680,-1,34.274,-1,-1,-1,-1,310006770
2025-05-20 02:18:26.002,0,NVIDIA GeForce RTX 4060 Laptop GPU,64,100,2,8188,7935,253,1650,5500,1650,-1,34.848,-1,-1,-1,-1,310086631
2025-05-20 02:18:27.006,0,NVIDIA GeForce RTX 4060 Laptop GPU,64,63,40,8188,7933,255,1170,5500,1170,-1,32.913,-1,-1,-1,-1,310181324
2025-05-20 02:18:28.023,0,NVIDIA GeForce RTX 4060 Laptop GPU,64,97,16,8188,7933,255,1110,5500,1110,-1,35.378,-1,-1,-1,-1,310309227
2025-05-20 02:18:29.031,0,NVIDIA GeForce RTX 4060 Laptop GPU,64,98,16,8188,7933,255,1140,5500,1140,-1,34.922,-1,-1,-1,-1,310449052
2025-05-20 02:18:30.035,0,NVIDIA GeForce RTX 4060 Laptop GPU,64,100,2,8188,7935,253,1680,5500,1680,-1,34.387,-1,-1,-1,-1,310515192
2025-05-20 02:18:31.038,0,NVIDIA GeForce RTX 4060 Laptop GPU,64,100,2,8188,7935,253,1680,5500,1680,-1,34.983,-1,-1,-1,-1,310584669
2025-05-20 02:18:32.041,0,NVIDIA GeForce RTX 4060 Laptop GPU,64,99,19,8188,7933,255,1155,5500,1155,-1,33.128,-1,-1,-1,-1,310674212
2025-05-20 02:18:33.083,0,NVIDIA GeForce RTX 4060 Laptop GPU,64,98,16,8188,7933,255,1155,5500,1155,-1,35.685,-1,-1,-1,-1,310796858
2025-05-20 02:18:34.090,0,NVIDIA GeForce RTX 4060 Laptop GPU,64,98,16,8188,7933,255,1155,5500,1155,-1,34.967,-1,-1,-1,-1,310947829
2025-05-20 02:18:35.094,0,NVIDIA GeForce RTX 4060 Laptop GPU,64,100,2,8188,7935,253,1635,5500,1635,-1,34.912,-1,-1,-1,-1,311037273
2025-05-20 02:18:36.097,0,NVIDIA GeForce RTX 4060 Laptop GPU,62,100,2,8188,4317,3871,2025,5500,2025,-1,34.674,-1,-1,-1,-1,311096981
2025-05-20 02:18:37.101,0,NVIDIA GeForce RTX 4060 Laptop GPU,64,47,8,8188,7933,255,1140,5500,1140,-1,33.871,-1,-1,-1,-1,311160046
2025-05-20 02:18:38.115,0,NVIDIA GeForce RTX 4060 Laptop GPU,64,98,17,8188,7933,255,1170,5500,1170,-1,34.253,-1,-1,-1,-1,311266526
2025-05-20 02:18:39.122,0,NVIDIA GeForce RTX 4060 Laptop GPU,64,99,12,8188,7935,253,1680,5500,1680,-1,34.331,-1,-1,-1,-1,311398119
2025-05-20 02:18:40.128,0,NVIDIA GeForce RTX 4060 Laptop GPU,64,100,2,8188,7935,253,1665,5500,1665,-1,35.012,-1,-1,-1,-1,311470651
2025-05-20 02:18:41.131,0,NVIDIA GeForce RTX 4060 Laptop GPU,64,63,38,8188,7933,255,1155,5500,1155,-1,33.095,-1,-1,-1,-1,311541491
2025-05-20 02:18:42.138,0,NVIDIA GeForce RTX 4060 Laptop GPU,64,97,16,8188,7933,255,1140,5500,1140,-1,35.852,-1,-1,-1,-1,311656078
2025-05-20 02:18:43.148,0,NVIDIA GeForce RTX 4060 Laptop GPU,64,99,17,8188,7933,255,1125,5500,1125,-1,34.854,-1,-1,-1,-1,311780149
2025-05-20 02:18:44.152,0,NVIDIA GeForce RTX 4060 Laptop GPU,64,100,2,8188,7935,253,1680,5500,1680,-1,34.308,-1,-1,-1,-1,311911110
2025-05-20 02:18:45.155,0,NVIDIA GeForce RTX 4060 Laptop GPU,64,100,2,8188,7935,253,1680,5500,1680,-1,35.001,-1,-1,-1,-1,311980151
2025-05-20 02:18:46.158,0,NVIDIA GeForce RTX 4060 Laptop GPU,65,98,32,8188,7933,255,1350,5500,1350,-1,35.268,-1,-1,-1,-1,312060320
2025-05-20 02:18:47.166,0,NVIDIA GeForce RTX 4060 Laptop GPU,64,100,16,8188,7933,255,1170,5500,1170,-1,35.067,-1,-1,-1,-1,312191118
2025-05-20 02:18:48.170,0,NVIDIA GeForce RTX 4060 Laptop GPU,64,100,16,8188,7933,255,1155,5500,1155,-1,34.959,-1,-1,-1,-1,312327911
2025-05-20 02:18:49.174,0,NVIDIA GeForce RTX 4060 Laptop GPU,64,100,2,8188,7935,253,1680,5500,1680,-1,34.528,-1,-1,-1,-1,312393884
2025-05-20 02:18:50.177,0,NVIDIA GeForce RTX 4060 Laptop GPU,62,100,2,8188,4317,3871,1680,5500,1680,-1,34.931,-1,-1,-1,-1,312470232
2025-05-20 02:18:51.188,0,NVIDIA GeForce RTX 4060 Laptop GPU,64,98,14,8188,7933,255,1140,5500,1140,-1,32.248,-1,-1,-1,-1,312551567
2025-05-20 02:18:52.193,0,NVIDIA GeForce RTX 4060 Laptop GPU,64,94,16,8188,7933,255,1140,5500,1140,-1,34.673,-1,-1,-1,-1,312639944
2025-05-20 02:18:53.198,0,NVIDIA GeForce RTX 4060 Laptop GPU,64,99,17,8188,7935,253,1680,5500,1680,-1,34.213,-1,-1,-1,-1,312714700
2025-05-20 02:18:54.213,0,NVIDIA GeForce RTX 4060 Laptop GPU,64,100,2,8188,7935,253,1635,5500,1635,-1,34.991,-1,-1,-1,-1,312823337
2025-05-20 02:18:55.216,0,NVIDIA GeForce RTX 4060 Laptop GPU,65,97,15,8188,7933,255,1155,5500,1155,-1,32.599,-1,-1,-1,-1,312946880
2025-05-20 02:18:56.257,0,NVIDIA GeForce RTX 4060 Laptop GPU,64,100,17,8188,7933,255,1170,5500,1170,-1,34.27,-1,-1,-1,-1,313085612
2025-05-20 02:18:57.263,0,NVIDIA GeForce RTX 4060 Laptop GPU,64,100,17,8188,7933,255,1155,5500,1155,-1,34.929,-1,-1,-1,-1,313171613
2025-05-20 02:18:58.267,0,NVIDIA GeForce RTX 4060 Laptop GPU,64,100,2,8188,7933,255,1680,5500,1680,-1,34.395,-1,-1,-1,-1,313233536
2025-05-20 02:18:59.271,0,NVIDIA GeForce RTX 4060 Laptop GPU,64,100,2,8188,7933,255,1680,5500,1680,-1,34.97,-1,-1,-1,-1,313281890
2025-05-20 02:19:00.274,0,NVIDIA GeForce RTX 4060 Laptop GPU,65,98,32,8188,7933,255,2025,5500,2025,-1,34.326,-1,-1,-1,-1,313372087
2025-05-20 02:19:01.282,0,NVIDIA GeForce RTX 4060 Laptop GPU,64,98,16,8188,7933,255,1185,5500,1185,-1,34.632,-1,-1,-1,-1,313522088
2025-05-20 02:19:02.287,0,NVIDIA GeForce RTX 4060 Laptop GPU,64,98,16,8188,7933,255,1170,5500,1170,-1,34.919,-1,-1,-1,-1,313602826
2025-05-20 02:19:03.290,0,NVIDIA GeForce RTX 4060 Laptop GPU,65,100,2,8188,7933,255,1680,5500,1680,-1,34.534,-1,-1,-1,-1,313669626
2025-05-20 02:19:04.294,0,NVIDIA GeForce RTX 4060 Laptop GPU,65,100,2,8188,7933,255,1680,5500,1680,-1,34.975,-1,-1,-1,-1,313746251
2025-05-20 02:19:05.301,0,NVIDIA GeForce RTX 4060 Laptop GPU,64,94,14,8188,7933,255,1125,5500,1125,-1,37.291,-1,-1,-1,-1,313867546
2025-05-20 02:19:06.305,0,NVIDIA GeForce RTX 4060 Laptop GPU,65,97,16,8188,7933,255,1170,5500,1170,-1,34.27,-1,-1,-1,-1,313956350
2025-05-20 02:19:07.308,0,NVIDIA GeForce RTX 4060 Laptop GPU,64,97,16,8188,7933,255,1680,5500,1680,-1,34.31,-1,-1,-1,-1,314044181
2025-05-20 02:19:08.312,0,NVIDIA GeForce RTX 4060 Laptop GPU,65,100,2,8188,7933,255,1650,5500,1650,-1,34.954,-1,-1,-1,-1,314154801
2025-05-20 02:19:09.319,0,NVIDIA GeForce RTX 4060 Laptop GPU,65,99,2,8188,7933,255,1140,5500,1140,-1,33.033,-1,-1,-1,-1,314262652
2025-05-20 02:19:10.324,0,NVIDIA GeForce RTX 4060 Laptop GPU,65,94,16,8188,7933,255,1155,5500,1155,-1,34.905,-1,-1,-1,-1,314327030
2025-05-20 02:19:11.328,0,NVIDIA GeForce RTX 4060 Laptop GPU,64,99,17,8188,7933,255,1140,5500,1140,-1,34.928,-1,-1,-1,-1,314400097
2025-05-20 02:19:12.332,0,NVIDIA GeForce RTX 4060 Laptop GPU,65,99,7,8188,7933,255,1680,5500,1680,-1,34.51,-1,-1,-1,-1,314487714
2025-05-20 02:19:13.337,0,NVIDIA GeForce RTX 4060 Laptop GPU,65,100,2,8188,7933,255,1680,5500,1680,-1,35.001,-1,-1,-1,-1,314586243
2025-05-20 02:19:14.340,0,NVIDIA GeForce RTX 4060 Laptop GPU,67,62,33,8188,7933,255,2025,5500,2025,-1,32.685,-1,-1,-1,-1,314700051
2025-05-20 02:19:15.344,0,NVIDIA GeForce RTX 4060 Laptop GPU,65,98,16,8188,7933,255,1170,5500,1170,-1,34.921,-1,-1,-1,-1,314835130
2025-05-20 02:19:16.348,0,NVIDIA GeForce RTX 4060 Laptop GPU,65,99,16,8188,7933,255,1155,5500,1155,-1,35.042,-1,-1,-1,-1,314961038
2025-05-20 02:19:17.358,0,NVIDIA GeForce RTX 4060 Laptop GPU,65,100,2,8188,7933,255,1680,5500,1680,-1,34.449,-1,-1,-1,-1,315041434
2025-05-20 02:19:18.361,0,NVIDIA GeForce RTX 4060 Laptop GPU,65,100,2,8188,7933,255,1680,5500,1680,-1,34.983,-1,-1,-1,-1,315140247
2025-05-20 02:19:19.364,0,NVIDIA GeForce RTX 4060 Laptop GPU,62,98,23,8188,353,7835,2025,7000,2025,-1,31.841,-1,-1,-1,-1,315272821
2025-05-20 02:19:20.377,0,NVIDIA GeForce RTX 4060 Laptop GPU,60,0,0,8188,353,7835,2025,7000,2025,-1,15.109,-1,-1,-1,-1,315390279
2025-05-20 02:19:21.381,0,NVIDIA GeForce RTX 4060 Laptop GPU,59,0,0,8188,353,7835,525,5500,525,-1,11.69,-1,-1,-1,-1,315505652
2025-05-20 02:19:22.385,0,NVIDIA GeForce RTX 4060 Laptop GPU,58,0,0,8188,353,7835,41,5500,41,-1,6.602,-1,-1,-1,-1,315547710
2025-05-20 02:19:23.397,0,NVIDIA GeForce RTX 4060 Laptop GPU,58,0,0,8188,353,7835,26,5500,26,-1,6.526,-1,-1,-1,-1,315607930
2025-05-20 02:19:24.401,0,NVIDIA GeForce RTX 4060 Laptop GPU,58,0,0,8188,353,7835,26,5500,26,-1,6.527,-1,-1,-1,-1,315657647
2025-05-20 02:19:25.405,0,NVIDIA GeForce RTX 4060 Laptop GPU,57,0,0,8188,353,7835,210,810,210,-1,4.194,-1,-1,-1,-1,315787711
2025-05-20 02:19:26.408,0,NVIDIA GeForce RTX 4060 Laptop GPU,57,0,0,8188,353,7835,210,405,210,-1,3.015,-1,-1,-1,-1,315971741
2025-05-20 02:19:27.414,0,NVIDIA GeForce RTX 4060 Laptop GPU,57,0,0,8188,353,7835,210,405,210,-1,3.015,-1,-1,-1,-1,316213785
2025-05-20 02:19:28.418,0,NVIDIA GeForce RTX 4060 Laptop GPU,56,0,0,8188,353,7835,210,405,210,-1,1.977,-1,-1,-1,-1,316515486
2025-05-20 02:19:29.422,0,NVIDIA GeForce RTX 4060 Laptop GPU,56,0,0,8188,353,7835,210,405,210,-1,1.905,-1,-1,-1,-1,316881015
2025-05-20 02:19:30.426,0,NVIDIA GeForce RTX 4060 Laptop GPU,56,0,0,8188,353,7835,210,405,210,-1,1.941,-1,-1,-1,-1,317308581
2025-05-20 02:19:31.430,0,NVIDIA GeForce RTX 4060 Laptop GPU,55,0,0,8188,353,7835,210,405,210,-1,1.953,-1,-1,-1,-1,317797873
2025-05-20 02:19:32.435,0,NVIDIA GeForce RTX 4060 Laptop GPU,55,0,0,8188,353,7835,210,405,210,-1,1.911,-1,-1,-1,-1,318175667
2025-05-20 02:19:33.438,0,NVIDIA GeForce RTX 4060 Laptop GPU,55,0,0,8188,353,7835,210,405,210,-1,1.929,-1,-1,-1,-1,318236942
2025-05-20 02:19:34.443,0,NVIDIA GeForce RTX 4060 Laptop GPU,55,0,0,8188,353,7835,210,405,210,-1,1.944,-1,-1,-1,-1,318362656
2025-05-20 02:19:35.447,0,NVIDIA GeForce RTX 4060 Laptop GPU,55,0,0,8188,353,7835,210,405,210,-1,1.952,-1,-1,-1,-1,318540449
2025-05-20 02:19:36.451,0,NVIDIA GeForce RTX 4060 Laptop GPU,54,0,0,8188,353,7835,210,405,210,-1,1.95,-1,-1,-1,-1,318778747
2025-05-20 02:19:37.455,0,NVIDIA GeForce RTX 4060 Laptop GPU,54,0,0,8188,353,7835,210,405,210,-1,1.964,-1,-1,-1,-1,319075409
2025-05-20 02:19:38.459,0,NVIDIA GeForce RTX 4060 Laptop GPU,54,0,0,8188,353,7835,210,405,210,-1,1.98,-1,-1,-1,-1,319431665
2025-05-20 02:19:39.463,0,NVIDIA GeForce RTX 4060 Laptop GPU,54,0,0,8188,353,7835,210,405,210,-1,1.993,-1,-1,-1,-1,319844623
2025-05-20 02:19:40.467,0,NVIDIA GeForce RTX 4060 Laptop GPU,54,0,0,8188,353,7835,210,405,210,-1,2.038,-1,-1,-1,-1,320365577
2025-05-20 02:19:41.471,0,NVIDIA GeForce RTX 4060 Laptop GPU,53,0,0,8188,353,7835,210,405,210,-1,2.04,-1,-1,-1,-1,320753374
2025-05-20 02:19:42.475,0,NVIDIA GeForce RTX 4060 Laptop GPU,53,0,0,8188,353,7835,210,405,210,-1,2.008,-1,-1,-1,-1,320786888
2025-05-20 02:19:43.480,0,NVIDIA GeForce RTX 4060 Laptop GPU,53,0,0,8188,353,7835,210,405,210,-1,2.013,-1,-1,-1,-1,320874462
2025-05-20 02:19:44.484,0,NVIDIA GeForce RTX 4060 Laptop GPU,53,0,0,8188,353,7835,210,405,210,-1,2.013,-1,-1,-1,-1,321021650
2025-05-20 02:19:45.488,0,NVIDIA GeForce RTX 4060 Laptop GPU,53,0,0,8188,353,7835,210,405,210,-1,2.007,-1,-1,-1,-1,321232453
